,playlistnumber,songname,id,artistname,acousticness,danceability,duration_ms,energy,instrumentalness,key,liveness,loudness,mode,speechiness,tempo,valence,index,acousticness_scaled,danceability_scaled,duration_ms_scaled,energy_scaled,instrumentalness_scaled,key_scaled,liveness_scaled,loudness_scaled,mode_scaled,speechiness_scaled,tempo_scaled,valence_scaled
0,0,Jigar Da Tukda,73s6UhNKUFlAxB0Rd0J66W,Salim Merchant,0.31,0.742,254511,0.943,0.000374,4,0.0188,-3.726,0,0.0421,130.02,0.881,1,0.035544744,0.497575124,-0.185959572,1.345339681,-0.160791513,-0.407417381,-1.103564885,1.262855963,-1.417641964,-0.521539091,0.557254105,1.171821981
1,0,Jiya Re,21Af1fetSINZpmAS3si8DW,Neeti Mohan,0.049,0.712,319216,0.718,2.02E-05,11,0.128,-8.286,0,0.0444,106.012,0.59,2,-1.024177557,0.279679533,0.813530075,0.004613252,-0.170127866,1.552883545,-0.320026039,-0.707272926,-1.417641964,-0.491960166,-0.416066123,-0.185199338
2,0,Baatein Kuch Ankahee,5arambGXhSW6TZUR9L0tSw,Pritam,0.156,0.658,275413,0.536,2.80E-06,0,0.176,-7.605,1,0.0277,121.957,0.237,3,-0.589732016,-0.112532529,0.13691088,-1.079885459,-0.170587031,-1.527589339,0.02438664,-0.41304973,0.705396726,-0.706728882,0.230368025,-1.831345474
3,0,Phir Milenge Chalte Chalte,00slEv0AYGnW85H84XsmGz,Sonu Nigam,0.178,0.778,394162,0.737,6.83E-06,0,0.0632,-7.073,1,0.195,125.031,0.9,4,-0.500406764,0.759049832,1.971211104,0.117830151,-0.170480684,-1.527589339,-0.784983156,-0.18320136,0.705396726,1.444816403,0.354992583,1.260424748
4,0,Locha-E-Ulfat,0LIdJDwGEJUDruEycKBK80,Benny Dayal,0.0365,0.705,288462,0.74,0,0,0.487,-5.82,1,0.0505,106.953,0.928,5,-1.074930541,0.228837229,0.338477071,0.135706503,-0.170660919,-1.527589339,2.25589379,0.358152039,0.705396726,-0.413511712,-0.377916576,1.390997246
5,0,Malang,65bMbbRjIlGyJBgQRi6Qvv,Shilpa Rao,0.172,0.514,273737,0.873,0,4,0.482,-7.76,0,0.139,173.03,0.583,6,-0.524768197,-1.158431362,0.111021928,0.928224792,-0.170660919,-0.407417381,2.220017469,-0.480016831,-1.417641964,0.724633881,2.300943833,-0.217842462
6,0,"Kaun Nachdi (From ""Sonu Ke Titu Ki Sweety"")",3s7m0jmCXGcM8tmlvjCvAa,Guru Randhawa,0.0357,0.772,183373,0.83,0,4,0.0419,-3.981,0,0.0455,127.999,0.753,7,-1.078178732,0.715470714,-1.284818925,0.671997075,-0.170660919,-0.407417381,-0.937816283,1.152684281,-1.417641964,-0.477813723,0.475319742,0.574919133
7,1,"Yaar Naa Miley (From ""Kick"")",0qzuXwxORXTwSsBU2aJGj5,Jasmine Sandlas,0.0102,0.663,243206,0.938,9.01E-06,0,0.75,-2.894,0,0.0335,127.988,0.551,8,-1.181714818,-0.076216597,-0.360586424,1.315545761,-0.170423156,-1.527589339,4.142988262,1.622318076,-1.417641964,-0.632138549,0.474873786,-0.367068175
8,1,"Allah Maaf Kare (From ""Desi Boyz"")",7lHeB9lvi5iCDFulhlSImX,Sonu Nigam,0.182,0.664,230165,0.789,0.000414,6,0.106,-5.293,1,0.0284,139.963,0.852,9,-0.48416581,-0.068953411,-0.56202904,0.427686925,-0.159735962,0.152668597,-0.477881851,0.58584018,0.705396726,-0.697726601,0.960358196,1.03658618
9,1,Offo,3f26GAn3yOXfoclLyN8AdD,Aditi Singh Sharma,0.0158,0.799,213942,0.609,0,3,0.0642,-6.729,1,0.0448,130.031,0.758,10,-1.158977482,0.911576745,-0.812623592,-0.644894218,-0.170660919,-0.687460371,-0.777807892,-0.034577602,0.705396726,-0.486816005,0.557700061,0.598235651
10,1,"Dil Dhadakne Do (From ""Dil Dhadakne Do"")",5KeTlCr0vFeNZwpc4T0hVN,Farhan Akhtar,0.0211,0.683,228375,0.881,0,10,0.114,-3.943,0,0.0858,159.942,0.792,11,-1.137458217,0.069047129,-0.589678935,0.975895065,-0.170660919,1.272840555,-0.420479738,1.169102022,-1.417641964,0.040460485,1.770336738,0.75678797
11,1,Jagga Jiteya,2kLFzLJgHtreNbNlbVzQy4,Shashwat Sachdev,0.0173,0.774,191489,0.783,0,0,0.19,-4.247,1,0.0857,93.959,0.206,12,-1.152887124,0.729997086,-1.159452138,0.391934221,-0.170660919,-1.527589339,0.124840338,1.037760096,0.705396726,0.039174444,-0.90471277,-1.975907883
12,1,Challa,2r6UZZ1JdRsDlfIQHKDjST,Shashwat Sachdev,0.105,0.762,207781,0.718,1.93E-06,1,0.118,-5.039,1,0.12,98.019,0.718,13,-0.79680419,0.64283885,-0.907791751,0.004613252,-0.170609989,-1.24754635,-0.391778681,0.695579816,0.705396726,0.480286239,-0.740114298,0.41170351
13,1,Maahi Ve,1sbW5E7w8tnqpYk0Frx8QG,A.R. Rahman,0.571,0.604,240784,0.72,1.18E-05,5,0.12,-7.276,1,0.0603,130.995,0.528,14,1.095267045,-0.504744591,-0.39799874,0.01653082,-0.170349532,-0.127374392,-0.377428153,-0.270906659,0.705396726,-0.287479771,0.596782063,-0.474324155
14,1,Iktara,3jtKSUiVDowKNBqVQbWaig,Kavita Seth,0.401,0.616,253773,0.525,0.000484,7,0.309,-7.065,1,0.0258,79.976,0.427,15,0.405026466,-0.417586355,-0.197359361,-1.145432085,-0.157888747,0.432711587,0.978696772,-0.179744994,0.705396726,-0.731163646,-1.471604504,-0.945317809
15,1,Kya Karoon?,4Yp8zw7b35bheMVTp39o5O,Shankar-Ehsaan-Loy,0.611,0.594,236160,0.548,0.00146,9,0.117,-7.588,0,0.0267,98.014,0.374,16,1.257676593,-0.577376455,-0.469425061,-1.00838005,-0.132133291,0.992797566,-0.398953945,-0.405704952,-1.417641964,-0.719589284,-0.740317005,-1.192472895
16,1,Jiyo Re Bahubali,29bUoxq3BOASHIdHCH7JGm,Daler Mehndi,0.537,0.773,209036,0.818,1.77E-06,7,0.181,-7.55,0,0.048,110.023,0.707,17,0.957218929,0.7227339,-0.888405931,0.600491665,-0.170614211,0.432711587,0.06026296,-0.389287211,-1.417641964,-0.445662718,-0.253454184,0.360407172
17,1,"Shaayraana (From ""Holiday"")",0kCM0vcE9gbbxKdlgzKJGz,Arijit Singh,0.606,0.608,261439,0.665,1.46E-05,2,0.0832,-4.244,1,0.0482,93.919,0.704,18,1.2373754,-0.475691846,-0.078943665,-0.311202307,-0.170275643,-0.96750336,-0.641477873,1.039056234,0.705396726,-0.443090637,-0.90633443,0.346417261
18,1,Bheegi Si Bhaagi Si,665b3Nss3OQmhTUdB5hBXw,Mohit Chauhan,0.361,0.564,278093,0.867,0,8,0.262,-6.21,1,0.121,88.919,0.815,19,0.242616918,-0.795272045,0.178308488,0.892472088,-0.170660919,0.712754576,0.641459357,0.189654173,0.705396726,0.493146641,-1.109041908,0.86404395
19,1,Teri Jhuki Nazar,3beYHVCFKzbdNjJqjKeYpM,Shafqat Amanat Ali,0.707,0.386,279187,0.815,0,11,0.159,-3.395,1,0.0417,124.293,0.349,20,1.647459508,-2.088119213,0.195207363,0.582615313,-0.170660919,1.552883545,-0.097592851,1.405863126,0.705396726,-0.526683252,0.325072959,-1.309055482
20,1,Agar Tum Saath Ho,70W29IwaPMRo86tCan6tqI,Arijit Singh,0.551,0.558,341185,0.521,0.000212,3,0.189,-8.798,1,0.0333,122.925,0.409,21,1.014062271,-0.838851163,1.152882335,-1.169267221,-0.165066497,-0.687460371,0.117665074,-0.928480381,0.705396726,-0.63471063,0.269612193,-1.029257272
21,1,Jab Koi Baat - Recreated,43GfQ1SC17rBWiHkOtdwK8,Atif Aslam,0.47,0.667,192229,0.621,4.15E-05,5,0.13,-5.697,1,0.0271,106.032,0.451,22,0.685182936,-0.047163852,-1.148021455,-0.573388808,-0.169565785,-0.127374392,-0.305675511,0.411293673,0.705396726,-0.714445123,-0.415255293,-0.833398525
22,1,Amplifier,0l1i3nJ4aDMk0inxnvzYTz,Imran Khan,0.0209,0.727,232907,0.714,0,2,0.153,-4.494,1,0.0872,164.003,0.618,23,-1.138270264,0.388627328,-0.519673726,-0.019221884,-0.170660919,-0.96750336,-0.140644436,0.931044781,0.705396726,0.058465048,1.934975752,-0.05462684
23,1,The Breakup Song,5FihcmME7NlwW8KbYOaHVH,Arijit Singh,0.33,0.818,252632,0.93,0,11,0.658,-2.982,1,0.247,113.988,0.831,24,0.116749518,1.049577285,-0.214984238,1.267875488,-0.170660919,1.552883545,3.48286396,1.584298045,0.705396726,2.113557316,-0.092707154,0.938656806
24,1,Pehli Dafa,4Tkb7zsDmsawB7S5TpKQV1,Atif Aslam,0.844,0.679,298771,0.537,3.34E-06,4,0.108,-7.843,1,0.0322,111.979,0.481,25,2.20371221,0.039994384,0.497718842,-1.073926675,-0.170572781,-0.407417381,-0.463531322,-0.515876633,0.705396726,-0.648857072,-0.174155018,-0.69349942
25,1,Ainvayi Ainvayi,74AqVxZ3oXwJ8olHssBUG3,Sunidhi Chauhan,0.0339,0.689,267624,0.742,0.0046,3,0.0928,-7.571,0,0.0413,155.986,0.876,26,-1.085487161,0.112626248,0.016595219,0.147624071,-0.049272502,-0.687460371,-0.572595338,-0.398360173,-1.417641964,-0.531827412,1.609954581,1.148505464
26,1,"Ye Ishq Hai (From ""Jab We Met"")",1UHVj0W8BRn08AXvWcv8i6,Shreya Ghoshal,0.436,0.823,280974,0.637,2.15E-06,5,0.255,-7.127,0,0.159,118.043,0.873,27,0.54713482,1.085893217,0.222810918,-0.478048262,-0.170604183,-0.127374392,0.591232508,-0.206531834,-1.417641964,0.981841924,0.071688611,1.134515553
27,1,Pretty Woman,3rsx3pDYM3a08O0Yu3Tq6V,Shankar-Ehsaan-Loy,0.124,0.677,353880,0.942,0.0132,11,0.0819,-6.105,0,0.16,173.991,0.598,28,-0.719659654,0.025468011,1.348980335,1.339380897,0.177671059,1.552883545,-0.650805717,0.235018983,-1.417641964,0.994702327,2.339904211,-0.14789291
28,1,Nashe Si Chadh Gayi,2EKXTA9QxkW6XeQ2uEeIii,Arijit Singh,0.113,0.8,238289,0.779,0,4,0.206,-5.515,0,0.0553,96.948,0.266,29,-0.76432228,0.918839931,-0.436538678,0.368099084,-0.170660919,-0.407417381,0.239644564,0.48992601,-1.417641964,-0.351781782,-0.78353424,-1.696109673
29,1,"Kar Har Maidaan Fateh (From ""Sanju"")",3FHl1QYu76zguwjqhqcglX,Sukhwinder Singh,0.0189,0.557,312158,0.821,0,1,0.0863,-7.794,0,0.0573,170.022,0.184,30,-1.146390742,-0.846114349,0.704506074,0.618368018,-0.170660919,-1.24754635,-0.619234555,-0.494706388,-1.417641964,-0.326060978,2.178995014,-2.07850056
30,1,The Humma Song,7heMX7gyHP0mhTlNgd7Lxd,Tanishk Bagchi,0.0115,0.721,179658,0.65,0.000137,0,0.34,-6.95,0,0.136,130.491,0.391,31,-1.176436508,0.34504821,-1.342204043,-0.400584069,-0.167045655,-1.527589339,1.20112996,-0.130059725,-1.417641964,0.686052674,0.576349149,-1.113196735
31,1,Jab Mila Tu,6Sp7azay1NZU4wxlFacWCl,Vishal-Shekhar,0.0482,0.626,251853,0.561,0,9,0.304,-6.644,0,0.0304,167.916,0.794,32,-1.027425748,-0.344954492,-0.227017349,-0.930915856,-0.170660919,0.992797566,0.942820451,0.002146292,-1.417641964,-0.672005796,2.093614624,0.766114577
32,1,Aadat Se Majboor,7CDP4uXu6mkBDzaTOx9yTS,Ranveer Singh,0.359,0.836,277760,0.629,3.01E-05,9,0.101,-7.812,0,0.0788,115.048,0.801,33,0.23449644,1.180314639,0.173164681,-0.525718535,-0.169866617,0.992797566,-0.513758172,-0.502483213,-1.417641964,-0.049562331,-0.049733168,0.798757701
33,1,"Say ""Shava Shava""",7CdABTaND3EW5cETakiBD3,Aadesh Shrivastava,0.0503,0.665,408920,0.908,0,2,0.0798,-4.804,1,0.188,98.811,0.694,34,-1.018899246,-0.061690225,2.199175994,1.136782237,-0.170660919,-0.96750336,-0.665873771,0.797110581,0.705396726,1.354793588,-0.708005433,0.299784226
34,1,Mere Brother Ki Dulhan,5dRt6VYOszdQAzMkP8PU9J,KK,0.212,0.825,264882,0.89,4.32E-05,6,0.0415,-7.674,1,0.058,120.024,0.756,35,-0.362358649,1.10041959,-0.025760095,1.029524123,-0.169520924,0.152668597,-0.940686388,-0.442860891,0.705396726,-0.317058696,0.152001314,0.588909044
35,1,Tere Naina,1AXQ4ZCUueIfGGEYAdq9Pe,Shafqat Amanat Ali,0.558,0.551,278547,0.74,0,0,0.144,-7.019,1,0.0452,92.761,0.731,36,1.042483942,-0.889693467,0.185321367,0.135706503,-0.170660919,-1.527589339,-0.205221813,-0.159870886,0.705396726,-0.481671844,-0.953281482,0.472326456
36,1,Deewangi Deewangi,7emLx4rVwr0tPyjktu7A7U,Shaan,0.0289,0.725,352388,0.918,5.13E-06,9,0.602,-4.875,1,0.0447,107.975,0.927,37,-1.105788355,0.374100956,1.325933607,1.196370078,-0.170525545,0.992797566,3.081049167,0.766435328,0.705396726,-0.488102045,-0.336483167,1.386333943
37,1,Mere Bina,4rSmmC6OYmjVOYxr8ruVWN,Pritam,0.653,0.495,289560,0.768,0,2,0.152,-5.7,1,0.0545,79.909,0.489,38,1.428206619,-1.296431902,0.355437733,0.302552459,-0.170660919,-0.96750336,-0.1478197,0.409997536,0.705396726,-0.362070104,-1.474320784,-0.656192992
38,1,Koi Kahe Kehta Rahe,5zKRKQwLVBT1WDJE7XJrnm,Shankar Mahadevan,0.00166,0.749,346200,0.734,6.48E-06,1,0.108,-7.058,1,0.0594,131.975,0.652,39,-1.216389257,0.548417428,1.230348382,0.099953798,-0.17048992,-1.24754635,-0.463531322,-0.176720673,0.705396726,-0.299054133,0.636512729,0.103925479
39,1,Hawayein,0l6g8Z8mqGbGXFOjigYetD,Arijit Singh,0.795,0.606,289999,0.601,0.000522,2,0.127,-5.576,1,0.0283,125.964,0.453,40,2.004760514,-0.490218219,0.362218909,-0.692564491,-0.156885973,-0.96750336,-0.327201304,0.463571216,0.705396726,-0.699012641,0.392817798,-0.824071918
40,1,"Yun Hi Chala Chal (From ""Swades"")",2Q4PfYBPwVBONmzqrtBHFr,Kailash Kher,0.0593,0.822,446987,0.687,0,9,0.0609,-8.167,1,0.0421,106.47,0.816,41,-0.982357098,1.078630031,2.787191949,-0.180109056,-0.170660919,0.992797566,-0.801486264,-0.655859475,0.705396726,-0.521539091,-0.397498118,0.868707254
41,1,Tum Ho Toh,2uy15favOgEOtS8wjAD9B1,Farhan Akhtar,0.785,0.469,251277,0.361,0.00154,0,0.104,-8.275,1,0.0293,111.972,0.0775,42,1.964158127,-1.485274747,-0.235914745,-2.122672682,-0.130022188,-1.527589339,-0.492232379,-0.702520422,0.705396726,-0.686152239,-0.174438809,-2.575142383
42,1,Nazrein Milaana Nazrein Churaana,6vGS2j6ou5AWu7wJYMQwuM,Benny Dayal,0.103,0.751,234858,0.54,0.000224,9,0.102,-7.942,1,0.0753,110.015,0.9,43,-0.804924667,0.562943801,-0.489536884,-1.056050323,-0.164749831,0.992797566,-0.506582907,-0.558649168,0.705396726,-0.094573738,-0.253778516,1.260424748
43,1,Bezubaan,2ota18jyZVMGvwQ0IV8qz7,Sachin-Jigar,0.0286,0.416,282840,0.573,2.06E-06,1,0.11,-8.264,1,0.066,102.041,0.163,44,-1.107006426,-1.870223623,0.251634775,-0.859410447,-0.170606558,-1.24754635,-0.449180794,-0.697767919,0.705396726,-0.214175479,-0.577056402,-2.176429934
44,1,Hey Ganaraya,3OoivGRgydZVFGzXh77rEA,Divya Kumar,0.607,0.509,292799,0.933,0.0302,0,0.0595,-7.034,1,0.257,118.871,0.429,45,1.241435638,-1.194747294,0.405470141,1.28575184,0.626280426,-1.527589339,-0.811531634,-0.166351573,0.705396726,2.242161338,0.10525697,-0.935991202
45,1,Deva Shree Ganesha,6Ozx2ngGtXrqznTKhKBlrT,Ajay-Atul,0.238,0.34,356827,0.96,4.32E-06,1,0.0378,-5.427,1,0.0802,150.04,0.475,46,-0.256792442,-2.422225785,1.394502257,1.446639012,-0.17054692,-1.24754635,-0.967234866,0.527946042,0.705396726,-0.031557768,1.368894848,-0.721479241
46,1,Tu Meri,39TJkE0AEkfWii8VB3JqSV,Vishal-Shekhar,0.0773,0.679,257089,0.688,0,8,0.704,-5.522,1,0.0293,127.951,0.424,47,-0.909272802,0.039994384,-0.146137544,-0.174150272,-0.170660919,0.712754576,3.812926111,0.48690169,0.705396726,-0.686152239,0.47337375,-0.959307719
47,1,Tu Hi Mera,1CVqr5LImdmJ1Upt4z08Pm,Shafqat Amanat Ali,0.544,0.621,272973,0.859,0,11,0.11,-4.673,1,0.103,90.047,0.873,48,0.9856406,-0.381270424,0.09922052,0.844801815,-0.170660919,1.552883545,-0.449180794,0.853708582,0.705396726,0.261659402,-1.063311101,1.134515553
48,1,Sadka,4dPeCbg2Op44s9kwyMS3ZT,Vishal-Shekhar,0.232,0.678,343587,0.547,0.000176,7,0.0785,-6.89,1,0.0286,143.892,0.579,49,-0.281153875,0.032731198,1.189985714,-1.014338834,-0.166016493,0.432711587,-0.675201615,-0.104136977,0.705396726,-0.69515452,1.119645733,-0.236495676
49,1,"Khabar Nahi (From ""Dostana"")",0PkPrsnbiM1MQhp91IWaMb,Vishal-Shekhar,0.153,0.623,259120,0.758,0,7,0.0622,-6.641,1,0.109,90.948,0.436,50,-0.601912732,-0.366744051,-0.114764953,0.242964617,-0.170660919,0.432711587,-0.792158421,0.00344243,0.705396726,0.338821815,-1.026783214,-0.903348077
50,1,"Mast Magan (From ""2 States"")",4wIWWEhbdgKAxhR68eE0Ye,Arijit Singh,0.606,0.659,280161,0.774,0.000333,7,0.185,-7.014,1,0.0372,82.995,0.883,51,1.2373754,-0.105269343,0.210252613,0.338305164,-0.161873453,0.432711587,0.088964017,-0.157710657,0.705396726,-0.584555061,-1.349209729,1.181148588
51,1,Suno Aisha,0MjL7YQ02qH7nxfayhbmfp,Amit Trivedi,0.33,0.862,260027,0.673,0.00856,7,0.0961,-6.686,1,0.0688,105.003,0.841,52,0.116749518,1.369157484,-0.100754643,-0.263532034,0.055227091,0.432711587,-0.548916966,-0.015999632,0.705396726,-0.178166352,-0.456972492,0.985289841
52,1,Luka Chuppi,500H9ENeR5AYbKU1ScK6ME,Lata Mangeshkar,0.645,0.601,396507,0.441,1.08E-06,4,0.0986,-8.946,1,0.0285,103.862,0.202,53,1.395724709,-0.52653415,2.007434012,-1.645969952,-0.170632419,-0.407417381,-0.530978805,-0.99242316,0.705396726,-0.69644056,-0.503230339,-1.994561097
53,1,Rock N Roll Soniye,0W1eHrIACKah9l0Q9v611q,Shankar-Ehsaan-Loy,0.109,0.787,341840,0.871,0,5,0.0426,-6.193,0,0.142,94.998,0.831,54,-0.780563235,0.824418509,1.163000034,0.916307224,-0.170660919,-0.127374392,-0.932793598,0.196998952,-1.417641964,0.763215087,-0.862590156,0.938656806
54,1,Aaj Kal Zindagi,6YRbGtSA2ekKeKkHxHEoc7,Shankar Mahadevan,0.222,0.633,254467,0.62,0.00771,4,0.0988,-8.911,1,0.0332,134.857,0.384,55,-0.321756262,-0.294112187,-0.186639234,-0.579347593,0.032796623,-0.407417381,-0.529543753,-0.977301557,0.705396726,-0.63599667,0.753353319,-1.14583986
55,1,Adhoore,298atiKYvG84VfbXNbZiX5,Vishal Dadlani,0.0858,0.799,264210,0.542,1.50E-06,0,0.126,-7.142,1,0.0308,107.993,0.673,56,-0.874760773,0.911576745,-0.036140391,-1.044132755,-0.170621336,-1.527589339,-0.334376568,-0.213012521,0.705396726,-0.666861635,-0.33575342,0.201854853
56,1,Wake Up Sid!,4BJI0anpEdv4uUw3fUXYpr,Shankar-Ehsaan-Loy,0.0774,0.72,231240,0.651,0,2,0.11,-6.844,1,0.0346,128.023,0.824,57,-0.908866778,0.337785024,-0.545423656,-0.394625284,-0.170660919,-0.96750336,-0.449180794,-0.08426287,0.705396726,-0.617992107,0.476292738,0.906013682
57,1,Kya Mujhe Pyaar Hai,3HFjh7QljnUCBLsoTwMuTj,KK,0.425,0.643,266653,0.759,1.84E-05,6,0.0814,-7.96,0,0.0499,118.481,0.795,58,0.502472195,-0.221480324,0.001596309,0.248923402,-0.170175366,0.152668597,-0.654393349,-0.566425993,-1.417641964,-0.421227954,0.089445786,0.77077788
58,1,Anjaana Anjaani Ki Kahani,3pNxVP6r45iUho1uxEYdj9,Monali Thakur,0.00591,0.682,285051,0.97,0.171,2,0.0448,-5.332,1,0.0459,137.954,0.959,59,-1.199133242,0.061783943,0.285787802,1.506226853,4.341821531,-0.96750336,-0.917008017,0.568990393,0.705396726,-0.472669562,0.878910331,1.535559655
59,1,Tune Jo Na Kaha,0pw3p4gf5homOkvOGOJulF,Mohit Chauhan,0.779,0.314,310073,0.475,0.00539,5,0.34,-12.38,1,0.0838,78.992,0.312,60,1.939796695,-2.61106863,0.672299353,-1.443371291,-0.028425361,-0.127374392,1.20112996,-2.476068468,0.705396726,0.01473968,-1.511497336,-1.481597712
60,1,I Love You,5bHDGWyIFML1LYXZWTD5MF,Ash King,0.359,0.649,256813,0.671,7.35E-06,11,0.0656,-6.026,1,0.0848,90.048,0.759,61,0.23449644,-0.177901206,-0.15040088,-0.275449602,-0.170466962,1.552883545,-0.767762522,0.269150602,0.705396726,0.027600082,-1.06327056,0.602898954
61,1,Mera Mann Kehne Laga,1niVgR76UPobOED5cXfADq,Falak Shabbir,0.714,0.46,227335,0.444,2.65E-05,7,0.0881,-6.217,1,0.123,74.977,0.7,62,1.675881179,-1.550643424,-0.605743679,-1.628093599,-0.169961616,0.432711587,-0.606319079,0.186629853,0.705396726,0.518867446,-1.674271441,0.327764047
62,1,"Raabta (From ""Agent Vinod"")",6tzckBcK66LzeSA1Opnv35,Arijit Singh,0.7,0.657,243578,0.581,1.75E-05,0,0.116,-8.108,1,0.0298,118.038,0.32,63,1.619037837,-0.119795715,-0.354840188,-0.811740174,-0.170199115,-1.527589339,-0.406129209,-0.630368772,0.705396726,-0.679722038,0.071485904,-1.444291284
63,1,Kho Gaye Hum Kahan,6nZiYSBwPQ7fYnVWkkkj4g,Prateek Kuhad,0.983,0.778,213056,0.227,0.14,1,0.113,-16.191,1,0.0379,116.033,0.38,64,2.76808539,0.759049832,-0.826309518,-2.921149756,3.523769157,-1.24754635,-0.427655002,-4.122595046,0.705396726,-0.57555278,-0.009799795,-1.164493074
64,1,"Tera Ban Jaunga (From ""Kabir Singh"")",4OcvkkpF3xmyCGGY5IBlgi,Akhil Sachdeva,0.822,0.605,236437,0.53,0,11,0.131,-6.346,1,0.0246,93.951,0.399,65,2.114386959,-0.497481405,-0.465146279,-1.115638164,-0.170660919,1.552883545,-0.298500247,0.130895943,0.705396726,-0.746596129,-0.905037102,-1.075890307
65,1,Dil Mere,6ZmtxXUXRVjxOhugKkmerC,The Local Train,0.842,0.655,211290,0.473,0.0323,8,0.167,-9.806,1,0.0267,92.962,0.572,66,2.195591733,-0.134322088,-0.853588689,-1.45528886,0.681696877,0.712754576,-0.040190738,-1.363982556,0.705396726,-0.719589284,-0.945132641,-0.269138801
66,1,Aaoge Tum Kabhi,5VSJ9OfZx8V91A7u8Fuoh1,The Local Train,0.0152,0.534,313163,0.863,0.0167,0,0.144,-4.616,1,0.0357,98.006,0.374,67,-1.161413625,-1.013167635,0.720030178,0.868636951,0.270031811,-1.527589339,-0.205221813,0.878335193,0.705396726,-0.603845665,-0.740641337,-1.192472895
67,1,Barso,2mv5anj69awqE6R936e0hZ,Ritviz,0.0265,0.536,257143,0.829,0.00659,2,0.124,-6.831,1,0.0318,140.045,0.0379,68,-1.115532928,-0.998641262,-0.145303413,0.666038291,0.003241182,-0.96750336,-0.348727096,-0.078646274,0.705396726,-0.654001233,0.963682599,-2.759809202
68,1,Naina,3SHopOL3KEJ8PFl3vJdfmF,Sona Mohapatra,0.636,0.505,225569,0.556,0,3,0.123,-7.49,1,0.0389,160.068,0.367,69,1.359182561,-1.223800039,-0.633022849,-0.960709777,-0.170660919,-0.687460371,-0.35590236,-0.363364462,0.705396726,-0.562692378,1.775444966,-1.225116019
69,1,Allah Ke Bande,6Y1cH3RzDCMWGQtOS0HmP8,Kailash Kher,0.795,0.543,246883,0.44,0,7,0.224,-8.595,1,0.0597,125.53,0.726,70,2.004760514,-0.947798958,-0.303788287,-1.651928736,-0.170660919,0.432711587,0.368799319,-0.840775081,0.705396726,-0.295196012,0.375222789,0.449009939
70,1,Sawaar Loon,29YePgOxuPLfU7uZKxKf6w,Monali Thakur,0.497,0.82,254700,0.645,6.89E-05,5,0.118,-6.873,1,0.0433,111.935,0.789,71,0.794809381,1.064103658,-0.183040114,-0.430377989,-0.168842732,-0.127374392,-0.391778681,-0.096792198,0.705396726,-0.506106608,-0.175938844,0.742798059
71,1,Maana Ke Hum Yaar Nahin,1O3WfEwaSpsgZ6tw8jNT8I,Parineeti Chopra,0.815,0.537,264614,0.367,0,8,0.132,-9.362,1,0.0241,90.953,0.348,72,2.085965288,-0.991378076,-0.029899856,-2.086919977,-0.170660919,0.712754576,-0.291324983,-1.172154217,0.705396726,-0.75302633,-1.026580506,-1.313718786
72,1,Tune Kaha,1gWtHDe403RuyZqhvSRcv8,Prateek Kuhad,0.015,0.362,216886,0.763,0.00481,3,0.237,-8.514,1,0.0589,187.291,0.431,73,-1.162225673,-2.262435685,-0.767148011,0.272758538,-0.043730857,-0.687460371,0.462077753,-0.805779371,0.705396726,-0.305484334,2.879106103,-0.926664595
73,1,Pehla Pyaar,0ojpEubhy4JNeVftmVuiN7,Armaan Malik,0.558,0.607,272533,0.713,4.98E-05,4,0.101,-5.105,1,0.03,124.87,0.611,74,1.042483942,-0.482955032,0.092423898,-0.025180668,-0.169346758,-0.407417381,-0.513758172,0.667064792,0.705396726,-0.677149957,0.348465402,-0.087269964
74,1,"Tere Bin (From ""Simmba"")",4f5kLqyOJ5ZPnalEVMQrB2,Tanishk Bagchi,0.268,0.649,230948,0.716,4.51E-06,7,0.603,-3.936,1,0.0384,86.949,0.639,75,-0.134985281,-0.177901206,-0.549934142,-0.007304316,-0.170541906,0.432711587,3.088224432,1.172126343,0.705396726,-0.569122579,-1.188908655,0.043302534
75,1,Aye Khuda,1vgVsR5rkXGP4NmUcoroJH,Salim Merchant,0.549,0.656,280497,0.762,0,9,0.139,-6.328,1,0.0315,110.002,0.558,76,1.005941794,-0.127058902,0.215442761,0.266799754,-0.170660919,0.992797566,-0.241098134,0.138672768,0.705396726,-0.657859354,-0.254305555,-0.33442505
76,1,Falak Tak,0IudGhdeJZwJ0Ps6ndtQDt,Udit Narayan,0.634,0.718,356180,0.697,1.53E-05,2,0.0563,-6.474,0,0.135,143.907,0.62,77,1.351062083,0.323258651,1.384508133,-0.120521215,-0.170257171,-0.96750336,-0.834492479,0.07559408,-1.417641964,0.673192272,1.120253855,-0.045300233
77,1,Buddhu Sa Mann,1dxbiVeiV7nQ2V9qXnhJiB,Armaan Malik,0.193,0.644,206858,0.87,0,10,0.549,-4.816,1,0.0394,125.998,0.702,78,-0.439503184,-0.214217138,-0.922049211,0.91034844,-0.170660919,1.272840555,2.700760167,0.791926031,0.705396726,-0.556262177,0.394196209,0.337090654
78,1,"Dheeme Dheeme (From ""Pati Patni Aur Woh"")",7ofWUKeNCUw1P64ArIwG9b,Tanishk Bagchi,0.15,0.8,177383,0.972,0.00337,10,0.351,-2.053,0,0.0405,110.054,0.694,79,-0.614093448,0.918839931,-1.377345669,1.518144421,-0.08173071,1.272840555,1.280057866,1.985668601,-1.417641964,-0.542115734,-0.252197398,0.299784226
79,1,Naagin,7gAyu0od48mkaCw1laPKVC,Vayu,0.0335,0.807,157000,0.5,8.73E-06,9,0.0967,-10.361,1,0.0581,97.09,0.243,80,-1.087111257,0.969682236,-1.692199196,-1.294401688,-0.170430545,0.992797566,-0.544611807,-1.60376798,0.705396726,-0.315772656,-0.777777347,-1.803365653
80,1,Sauda Khara Khara,4LLvxxkWtt818FNO3cbsdo,Sukhbir,0.0939,0.687,211034,0.919,4.38E-06,10,0.105,-3.28,1,0.0635,145.037,0.877,81,-0.841872839,0.098099875,-0.857543087,1.202328862,-0.170545336,1.272840555,-0.485057115,1.455548394,0.705396726,-0.246326484,1.166065745,1.153168767
81,1,Paagal,4gyPGtExOjj1rsByKW33LR,Badshah,0.0619,0.687,169907,0.854,0.000645,11,0.147,-5.368,0,0.308,214.016,0.721,82,-0.971800478,0.098099875,-1.49282646,0.815007894,-0.153640152,1.552883545,-0.183696021,0.553436744,-1.417641964,2.89804185,3.962577574,0.425693421
82,1,"Jai Jai Shivshankar (From ""War"")",6lfSsCL894Qw15xbt7cSUy,Vishal Dadlani,0.257,0.825,230558,0.904,1.21E-05,5,0.0715,-5.414,0,0.0787,129.036,0.528,83,-0.179647907,1.10041959,-0.55595842,1.1129471,-0.170341615,-0.127374392,-0.725428464,0.533562637,-1.417641964,-0.050848371,0.517361273,-0.474324155
83,1,Kohinoor,6SNFuJXjkgauo3Kg9XJcj6,DIVINE,0.0994,0.634,198857,0.884,0,6,0.266,-6.259,1,0.334,103.973,0.39,84,-0.819541526,-0.286849001,-1.045639608,0.993771418,-0.170660919,0.152668597,0.670160413,0.168483929,0.705396726,3.232412306,-0.498730233,-1.117860039
84,1,Mercy,6CuJUdvZuGAGxCbN3dq81s,Badshah,0.0732,0.836,162405,0.767,0.00018,4,0.174,-5.179,0,0.0885,89.956,0.791,85,-0.92591978,1.180314639,-1.60870887,0.296593675,-0.165910938,-0.407417381,0.010036111,0.635093402,-1.417641964,0.075183571,-1.067000377,0.752124666
85,1,Mere Sohneya,7sJQv0LRPgM2xCkkdWOlyj,Sachet Tandon,0.558,0.376,193356,0.643,0,9,0.217,-5.713,1,0.0411,136.224,0.646,86,1.042483942,-2.160751077,-1.130612834,-0.442295558,-0.170660919,0.992797566,0.31857247,0.40438094,0.705396726,-0.534399493,0.808773544,0.075945658
86,1,Mere Rashke Qamar,4sNiMTu47WkUgW87qeUlWF,Rahat Fateh Ali Khan,0.404,0.718,220382,0.83,2.50E-05,4,0.124,-5.488,0,0.0505,105.012,0.771,87,0.417207182,0.323258651,-0.713145757,0.671997075,-0.1700012,-0.407417381,-0.348727096,0.501591247,-1.417641964,-0.413511712,-0.456607619,0.658858596
87,1,Manchala,3zAXHUL5YcYOA41rruvjy4,Shafqat Amanat Ali,0.151,0.365,227507,0.649,0,11,0.121,-5.295,0,0.0408,78.398,0.453,88,-0.610033209,-2.240646126,-0.603086817,-0.406542853,-0.170660919,1.552883545,-0.370252889,0.584976088,-1.417641964,-0.538257614,-1.535578984,-0.824071918
88,1,Choo Lo,2qgXrzJsry4KgYoJCpuaul,The Local Train,0.0265,0.512,233630,0.695,0.00815,4,0.146,-6.349,1,0.0271,145.957,0.351,89,-1.115532928,-1.172957735,-0.508505639,-0.132438783,0.044407689,-0.407417381,-0.190871285,0.129599806,0.705396726,-0.714445123,1.203363921,-1.299728875
89,1,Chal Bombay,6AooRgSRDzbCYL4NZ4RCjU,DIVINE,0.0434,0.862,174000,0.619,0,6,0.117,-6.645,0,0.318,95.036,0.512,90,-1.046914894,1.369157484,-1.429602426,-0.585306377,-0.170660919,0.152668597,-0.398953945,0.001714246,-1.417641964,3.026645871,-0.861049579,-0.548937011
90,1,Shaitan Ka Saala,59vbPXCgc6oxbSzMfVBLNb,Sohail Sen,0.284,0.844,147395,0.772,2.38E-06,7,0.368,-4.621,1,0.194,100.008,0.336,91,-0.070021462,1.23842013,-1.840566371,0.326387595,-0.170598114,0.432711587,1.402037356,0.876174964,0.705396726,1.431956001,-0.659477263,-1.369678428
91,1,Kaam 25 - Sacred Games,6Kynli1iHBqJRWUCohcV9h,DIVINE,0.0473,0.484,149525,0.948,0,1,0.0565,-4.296,0,0.451,125.645,0.686,92,-1.031079963,-1.376326952,-1.807664541,1.375133602,-0.170660919,-1.24754635,-0.833057426,1.016589852,-1.417641964,4.737079362,0.379885061,0.262477798
92,1,Kaam Bhaari,2haaEnrn5HwCT46ZptCITK,Kaam Bhaari,0.576,0.834,138223,0.819,0.00326,7,0.0506,-8.502,0,0.0843,130.009,0.904,93,1.115568239,1.165788267,-1.982245052,0.606450449,-0.084633476,0.432711587,-0.875391485,-0.800594821,-1.417641964,0.021169881,0.556808148,1.279077962
93,1,Jingostan,06ECyIQclBsjerzJsEerTY,Dub Sharma,0.4,0.86,154754,0.636,0,6,0.324,-9.923,1,0.367,110.004,0.561,94,0.400966227,1.354631112,-1.726892864,-0.484007046,-0.170660919,0.152668597,1.086325734,-1.414531916,0.705396726,3.656805578,-0.254224472,-0.320435139
94,1,Vibe Hai,4LCNHHhUJB0rqvmlxwstmN,DIVINE,0.237,0.646,201000,0.812,0,11,0.777,-6.861,1,0.621,104.232,0.829,95,-0.260852681,-0.199690765,-1.012536969,0.56473896,-0.170660919,1.552883545,4.336720394,-0.091607648,0.705396726,6.923347733,-0.488229985,0.929330199
95,1,Machayenge,1wCLqMvEMOpNKUXVERjDPz,Emiway Bantai,0.212,0.743,150863,0.747,0.000118,5,0.0908,-4.837,0,0.0952,104.938,0.709,96,-0.362358649,0.50483831,-1.78699663,0.177417992,-0.167547042,-0.127374392,-0.586945866,0.782853069,-1.417641964,0.161348265,-0.459607689,0.369733779
96,1,Naina,0Yld4eVEV6rBvpijVU2s6l,Arijit Singh,0.772,0.501,225750,0.445,0,6,0.117,-8.432,1,0.0337,80.086,0.388,97,1.911375024,-1.252852784,-0.630226966,-1.622134815,-0.170660919,0.152668597,-0.398953945,-0.770351614,0.705396726,-0.629566469,-1.467144939,-1.127186646
97,1,"Jeena Jeena (From ""Badlapur"")",6h09y5UH6sDRERJALlaJPi,Atif Aslam,0.783,0.676,228969,0.319,0,5,0.117,-9.201,1,0.0279,105.002,0.565,98,1.95603765,0.018204825,-0.580503495,-2.372941616,-0.170660919,-0.127374392,-0.398953945,-1.102594842,0.705396726,-0.704156802,-0.457013034,-0.301781925
98,1,Roke Na Ruke Naina,2k7RoJQR0mi8WVWK0Och93,Arijit Singh,0.722,0.503,278402,0.381,1.15E-05,9,0.154,-9.31,1,0.0283,80.658,0.263,99,1.708363089,-1.238326412,0.183081571,-2.003497,-0.170357448,0.992797566,-0.133469172,-1.149687835,0.705396726,-0.699012641,-1.443955204,-1.710099583
99,1,Tujhe Kitna Chahne Lage,5QtEFRYavs5S3GHtFEq7A4,Arijit Singh,0.736,0.427,284780,0.396,0,11,0.11,-7.556,1,0.0366,70.368,0.306,100,1.765206431,-1.790328573,0.2816017,-1.914115238,-0.170660919,1.552883545,-0.449180794,-0.391879486,0.705396726,-0.592271303,-1.861127194,-1.509577533
100,1,Jump Kar (Emiway Bantai),7qLniCRGqRetmS0Lu6MizP,FlamboyBeatz,0.14,0.843,171480,0.748,0,2,0.114,-5.806,1,0.206,133.936,0.508,101,-0.654695835,1.231156944,-1.468528536,0.183376776,-0.170660919,-0.96750336,-0.420479738,0.36420068,0.705396726,1.586280827,0.716014602,-0.567590225
101,1,Scene Kya Hai,1Tm8tDWXPkddbkyALZN8Y6,Nucleya,0.00185,0.664,152113,0.899,9.52E-06,0,0.732,-6.827,1,0.232,142.025,0.692,102,-1.215617812,-0.068953411,-1.767688044,1.08315318,-0.170409698,-1.527589339,4.013833507,-0.076918091,0.705396726,1.920651284,1.04395476,0.290457619
102,1,Kab Se Kab Tak,5J9PZD8kTuzfsBbbUh1oHu,Ranveer Singh,0.565,0.772,213242,0.588,0.000908,9,0.106,-10.315,0,0.226,82.969,0.262,103,1.070905613,0.715470714,-0.823436401,-0.770028685,-0.146699901,0.992797566,-0.477881851,-1.583893873,-1.417641964,1.843488871,-1.350263807,-1.714762887
103,1,Aane De,4Tm9tGPiqfK1ETotj6gwfP,Naezy,0.308,0.687,165328,0.932,0.00192,10,0.18,-3.519,0,0.286,145.169,0.478,104,0.027424267,0.098099875,-1.563557673,1.279793056,-0.11999445,1.272840555,0.053087696,1.352289445,-1.417641964,2.615113002,1.171417223,-0.70748933
104,1,"Hai Junoon (From ""New York"")",2a2GfFJ4di8n1EgtUomtuz,KK,0.539,0.739,331572,0.664,1.14E-06,2,0.0856,-10.582,1,0.0338,106.021,0.878,105,0.965339407,0.475785565,1.004391586,-0.317161091,-0.170630836,-0.96750336,-0.624257239,-1.699250104,0.705396726,-0.628280429,-0.41570125,1.157832071
105,1,Tunak Tunak Tun,131yybV7A3TmC34a0qE8u8,Daler Mehndi,0.526,0.794,303133,0.977,0.00196,10,0.0616,-5.637,1,0.178,150.008,0.687,106,0.912556304,0.875260813,0.565098083,1.547938342,-0.118938898,1.272840555,-0.796463579,0.437216422,0.705396726,1.226189566,1.36759752,0.267141102
106,1,Soch Na Sake,6mTvwBzWTGDOVeCNQEqtOE,Arijit Singh,0.597,0.505,281323,0.667,0,9,0.213,-5.797,1,0.0323,151.728,0.516,107,1.200833251,-1.223800039,0.228201875,-0.299284738,-0.170660919,0.992797566,0.289871413,0.368089092,0.705396726,-0.647571032,1.437328893,-0.530283797
107,2,Hawa Hawai,6B0RSaHnLZidlE2w3AjQfO,Suman Sridhar,0.0594,0.695,292307,0.774,0.0179,9,0.0165,-5.754,1,0.232,175.933,0.889,108,-0.981951074,0.156205366,0.397870282,0.338305164,0.301698355,0.992797566,-1.120067992,0.386667062,0.705396726,1.920651284,2.418635795,1.20912841
108,2,Saturday Saturday,7MvQQGqYE4r0ucTarmI2Gr,Badshah,0.149,0.847,210799,0.938,0,8,0.107,-4.615,1,0.0974,130.02,0.786,109,-0.618153687,1.260209689,-0.861173101,1.315545761,-0.170660919,0.712754576,-0.470706587,0.878767239,0.705396726,0.18964115,0.557254105,0.728808149
109,2,Baby Doll,0QjiywAse0jM8QgPvtJrpC,Kanika Kapoor,0.275,0.836,213887,0.839,7.25E-06,4,0.181,-2.974,0,0.106,103.992,0.507,110,-0.10656361,1.180314639,-0.81347317,0.725626132,-0.170469601,-0.407417381,0.06026296,1.587754411,-1.417641964,0.300240609,-0.497959944,-0.572253529
110,2,Lungi Dance,3VXh3jYTW3lTxtXRnu2TKP,Yo Yo Honey Singh,0.314,0.684,275399,0.958,1.94E-06,1,0.618,-4.793,1,0.264,163.95,0.817,111,0.051785699,0.076310316,0.136694624,1.434721443,-0.170609725,-1.24754635,3.195853394,0.801863085,0.705396726,2.332184154,1.932827053,0.873370557
111,2,Char Baj Gaye - Party Abhi Baaki Hai,1eFH9kh7L63Zb8FDqjbwZJ,Sachin-Jigar,0.0317,0.95,213880,0.694,1.93E-06,10,0.137,-7.089,0,0.0516,119.972,0.961,112,-1.094419686,2.008317882,-0.813581298,-0.138397567,-0.170609989,1.272840555,-0.255448662,-0.190114093,-1.417641964,-0.39936527,0.149893156,1.544886262
112,2,Bom Diggy Diggy,6qCNaRRr5xJALfNJvh0NAw,Zack Knight,0.159,0.782,238530,0.827,0,11,0.226,-4.219,0,0.0627,104.032,0.498,113,-0.5775513,0.788102577,-0.432815982,0.654120722,-0.170660919,1.552883545,0.383149847,1.049857379,-1.417641964,-0.256614806,-0.496338284,-0.61422326
113,2,Sweety Tera Drama,5aXsYlFhJIOHCvxnna7jdP,Dev Negi,0.16,0.769,146983,0.852,0,5,0.261,-3.107,1,0.154,129.982,0.963,114,-0.573491061,0.693681155,-1.846930481,0.803090326,-0.170660919,-0.127374392,0.634284092,1.530292319,0.705396726,0.917539914,0.555713528,1.554212869
114,2,Kamariya,5cjVsWqIkBQC7acTRhL0RO,Aastha Gill,0.143,0.825,187983,0.666,2.81E-06,4,0.237,-4.847,0,0.0554,96.987,0.763,115,-0.642515119,1.10041959,-1.21360886,-0.305243523,-0.170586767,-0.407417381,0.462077753,0.778532611,-1.417641964,-0.350495742,-0.781953121,0.621552168
115,2,Suit Suit,2mwBSO58y92EYmEFpDfmS7,Guru Randhawa,0.14,0.767,190132,0.869,0,2,0.221,-3.381,0,0.0908,98.208,0.751,116,-0.654695835,0.679154782,-1.180413539,0.904389656,-0.170660919,-0.96750336,0.347273526,1.411911767,-1.417641964,0.104762496,-0.732451955,0.565592526
116,2,Chittiyaan Kalaiyaan,6XjJXPP3UiGtAQpYkD01c0,Kanika Kapoor,0.0962,0.793,246100,0.887,6.39E-05,7,0.623,-5.285,1,0.0954,100.007,0.602,117,-0.83253429,0.867997627,-0.315883185,1.01164777,-0.168974676,0.432711587,3.231729715,0.589296547,0.705396726,0.163920346,-0.659517804,-0.129239696
117,2,Abhi Toh Party Shuru Hui Hai,0rUN8ascPVT9iiLzC5ocPw,Badshah,0.0081,0.803,179912,0.814,2.19E-05,3,0.586,-5.373,0,0.0614,130.009,0.677,118,-1.19024132,0.94062949,-1.338280538,0.576656529,-0.170083005,-0.687460371,2.966244941,0.551276515,-1.417641964,-0.273333329,0.556808148,0.220508067
118,2,Zor Ka Jhatka,7EIq46YALncEzg0fYvLo0L,Daler Mehndi,0.0955,0.742,248131,0.977,0.00012,1,0.101,-3.267,1,0.229,176.103,0.822,119,-0.835376457,0.497575124,-0.284510595,1.547938342,-0.167494265,-1.24754635,-0.513758172,1.461164989,0.705396726,1.882070077,2.425527849,0.896687075
119,2,Dhoom Machale Dhoom,1OBOW5jFnqpieVQFsxu2P9,Aditi Singh Sharma,0.096,0.7,235625,0.899,1.38E-05,1,0.327,-8.262,1,0.117,109.994,0.674,120,-0.833346338,0.192521297,-0.477689136,1.08315318,-0.170296754,-1.24754635,1.107851526,-0.696903827,0.705396726,0.441705033,-0.254629887,0.206518156
120,2,Dil Laga Na,3LdZ1fFzohRUbcNI9sa8jV,Sukhbir,0.161,0.782,304771,0.953,1.97E-06,7,0.0491,-5.442,1,0.162,101.997,0.477,121,-0.569430822,0.788102577,0.590400055,1.404927523,-0.170608933,0.432711587,-0.886154381,0.521465355,0.705396726,1.020423131,-0.578840228,-0.712152634
121,2,High Heels,7q7eYVerltlW2sYBuga6Mj,Yo Yo Honey Singh,0.394,0.891,297771,0.913,0.000173,1,0.373,-4.453,1,0.149,130.045,0.772,122,0.376604795,1.579789888,0.482271973,1.166576158,-0.166095659,-1.24754635,1.437913677,0.94875866,0.705396726,0.853237903,0.558267642,0.6635219
122,2,Laung Da Lashkara,5pQODzb8j3xMQ1qvrQXJvo,Mahalakshmi Iyer,0.05,0.841,304467,0.74,2.22E-06,9,0.128,-8.432,1,0.13,109.033,0.626,123,-1.020117318,1.216630571,0.585704206,0.135706503,-0.170602336,0.992797566,-0.320026039,-0.770351614,0.705396726,0.608890261,-0.293590265,-0.017320412
123,2,Ishq Tera Tadpave - Oh Ho Ho Ho,3NpNTYETMcXspfs8hE8T7h,Sukhbir,0.0558,0.732,367818,0.963,1.33E-05,10,0.0766,-5.06,1,0.0665,145.048,0.909,124,-0.996567934,0.42494326,1.564278792,1.464515364,-0.170309948,1.272840555,-0.688834617,0.686506854,0.705396726,-0.207745277,1.166511702,1.30239448
124,2,Dj Waley Babu (feat. Aastha Gill),5VKvDHouRJ4a8VNXrzTWnc,Badshah,0.345,0.959,169080,0.606,0,1,0.126,-5.754,1,0.219,110,0.783,125,0.177653099,2.073686559,-1.505601021,-0.66277057,-0.170660919,-1.24754635,-0.334376568,0.386667062,0.705396726,1.753466055,-0.254386638,0.714818238
125,2,Laila Main Laila,6HQbaD0RomfUPO4KK866oI,Paawni Pandey,0.00764,0.623,306582,0.924,2.73E-06,4,0.557,-4.481,0,0.142,135.968,0.506,126,-1.192109029,-0.366744051,0.618374334,1.232122783,-0.170588878,-0.407417381,2.758162281,0.936661377,-1.417641964,0.763215087,0.798394921,-0.576916832
126,2,Jhalak Dikhla Ja,43SKg10CCeaoyr7XSKfpTR,Himesh Reshammiya,0.015,0.688,317560,0.737,0.00025,2,0.0599,-10.051,1,0.0443,110.969,0.635,127,-1.162225673,0.105363061,0.78795006,0.117830151,-0.164063723,-0.96750336,-0.808661528,-1.469833779,0.705396726,-0.493246206,-0.215101929,0.02464932
127,2,It's Rocking,2wlqkMm5bMFvhcAorKS3pK,Alisha Chinai,0.145,0.759,297253,0.698,0,2,0.0357,-7.79,1,0.194,100.059,0.765,128,-0.634394642,0.621049291,0.474270495,-0.11456243,-0.170660919,-0.96750336,-0.98230292,-0.492978205,0.705396726,1.431956001,-0.657409647,0.630878775
128,2,Proper Patola,39ujbBjTwwqUFySaCYDMMT,Badshah,0.485,0.77,178605,0.824,0,1,0.318,-6.491,0,0.0851,172.006,0.49,129,0.746086517,0.700944341,-1.358469596,0.63624437,-0.170660919,-1.24754635,1.043274149,0.068249301,-1.417641964,0.031458203,2.259429342,-0.651529688
129,2,Jumme Ki Raat,1F8gX0BRQCfH34zzHkXmgY,Aman Trikha,0.121,0.703,274500,0.873,2.60E-05,1,0.0352,-6.707,0,0.111,139.984,0.844,130,-0.73184037,0.214310856,0.122807889,0.928224792,-0.169974811,-1.24754635,-0.985890553,-0.025072594,-1.417641964,0.36454262,0.961209568,0.999279752
130,2,"Dil Chori (From ""Sonu Ke Titu Ki Sweety"")",3NKuSd9Qa5fzwhqiuKYFh4,Yo Yo Honey Singh,0.502,0.765,226696,0.89,0,5,0.0423,-4.608,0,0.0824,99.961,0.918,131,0.815110575,0.664628409,-0.615614228,1.029524123,-0.170660919,-0.127374392,-0.934946177,0.881791559,-1.417641964,-0.003264883,-0.661382713,1.344364211
131,2,Khalibali,3JT0mVof65rIHpRZITwRx1,Shivam Pathak,0.15,0.642,258894,0.94,0,9,0.0989,-5.274,1,0.102,101.252,0.645,132,-0.614093448,-0.22874351,-0.118255946,1.327463329,-0.170660919,0.992797566,-0.528826226,0.59404905,0.705396726,0.248799,-0.609043642,0.071282355
132,2,Zingaat,5raWEZXYAapq6Qw1GIEIkU,Ajay-Atul,0.359,0.834,226502,0.788,0.27,6,0.396,-7.294,0,0.213,130.032,0.705,133,0.23449644,1.165788267,-0.61861092,0.421728141,6.954311371,0.152668597,1.602944753,-0.278683484,-1.417641964,1.676303642,0.557740603,0.351080565
133,2,Muqabala Muqabala,0iG83qZ0ftWr43VggRYkp3,Swarnalatha,0.102,0.87,328893,0.563,0.000232,0,0.0895,-11.493,1,0.124,119.782,0.537,134,-0.808984906,1.427262975,0.963009424,-0.918998288,-0.164538721,-1.527589339,-0.596273709,-2.092843836,0.705396726,0.531727848,0.142190272,-0.432354424
134,2,Sweetheart,6qrb4ganbSTzcDDOo1pzMT,Dev Negi,0.376,0.768,212196,0.806,1.65E-06,8,0.0787,-6.277,1,0.0517,123.039,0.925,135,0.303520498,0.686417968,-0.839593825,0.528986256,-0.170617378,0.712754576,-0.673766562,0.160707104,0.705396726,-0.39807923,0.274233924,1.377007336
135,2,Kabhi Khushi Kabhie Gham,0eGtFJBfYUKF2CvNZJEu3M,Lata Mangeshkar,0.524,0.429,471947,0.763,0.000199,1,0.127,-5.91,1,0.107,100.835,0.668,136,0.904435826,-1.775802201,3.172745795,0.272758538,-0.165409551,-1.24754635,-0.327201304,0.319267916,0.705396726,0.313101011,-0.625949446,0.178538335
136,2,O O Jaane Jaana,7fl15uWBpbKrzrmEm48ZyP,Kamaal Khan,0.122,0.781,345240,0.766,0.000104,7,0.121,-8.728,1,0.0564,106.193,0.798,137,-0.727780132,0.780839391,1.215519388,0.29063489,-0.167916485,0.432711587,-0.370252889,-0.898237174,0.705396726,-0.337635339,-0.408728112,0.784767791
137,2,Daru Badnaam,2TzyJEUfWHGRsk3r6Emvbk,Kamal Kahlon,0.442,0.541,185333,0.676,0,8,0.159,-3.893,0,0.153,90.037,0.845,138,0.571496253,-0.962325331,-1.254543062,-0.245655681,-0.170660919,0.712754576,-0.097592851,1.190704313,-1.417641964,0.904679511,-1.063716516,1.003943055
138,2,"High Rated Gabru (From ""High Rated Gabru"")",2LEwvQq0PFtrmIl2dikenr,Guru Randhawa,0.357,0.732,213933,0.781,0,2,0.2,-2.98,0,0.0812,91.907,0.842,139,0.226375963,0.42494326,-0.812762614,0.380016652,-0.170660919,-0.96750336,0.196592979,1.585162136,-1.417641964,-0.018697365,-0.987903919,0.989953145
139,2,Illegal Weapon,3Oe3VdPn6rAueriQvFhCBA,Jasmine Sandlas,0.488,0.814,230000,0.666,4.23E-05,6,0.108,-6.555,1,0.0635,94.02,0.714,140,0.758267233,1.02052454,-0.564577773,-0.305243523,-0.169544674,0.152668597,-0.463531322,0.040598369,0.705396726,-0.246326484,-0.902239739,0.393050296
140,2,Madhubala,44OZwf1pS0nnoPJEz2pqAX,Ali Zafar,0.438,0.797,263236,0.977,0.000503,1,0.0719,-7.181,1,0.107,129.044,0.454,141,0.555255298,0.897050372,-0.051185641,1.547938342,-0.15738736,-1.24754635,-0.722558358,-0.229862307,0.705396726,0.313101011,0.517685605,-0.819408614
141,2,Lift Kara De,5Yita5PCCRG42WpcBRfs83,Adnan Sami,0.174,0.806,253067,0.645,0,5,0.0585,-11.422,1,0.153,92.085,0.921,142,-0.516647719,0.962419049,-0.20826485,-0.430377989,-0.170660919,-0.127374392,-0.818706898,-2.062168583,0.705396726,0.904679511,-0.980687533,1.358354122
142,2,Dangal,0dT6g7oqjEqphjXMk8MKHz,Daler Mehndi,0.239,0.618,299326,0.867,0,6,0.0559,-5.1,0,0.139,178.017,0.665,143,-0.252732204,-0.403059983,0.506291854,0.892472088,-0.170660919,0.152668597,-0.837362585,0.669225021,-1.417641964,0.724633881,2.503124272,0.164548425
143,2,Tera Surroor,3WJQXRiZQNpasi3i4Tp8U1,Himesh Reshammiya,0.00294,0.521,358973,0.718,0,1,0.207,-3.948,0,0.0353,115.05,0.263,144,-1.211192151,-1.107589058,1.427651238,0.004613252,-0.170660919,-1.24754635,0.246819828,1.166941793,-1.417641964,-0.608989826,-0.049652085,-1.710099583
144,2,Rafta Rafta,6y5hV4UIPFavg6ojxwIzoU,RDB,0.0192,0.509,282773,0.875,0.000119,6,0.0836,-5.085,0,0.0491,94.871,0.587,145,-1.14517267,-1.194747294,0.250599835,0.940142361,-0.167520654,0.152668597,-0.638607768,0.675705708,-1.417641964,-0.431516275,-0.867738926,-0.199189248
145,2,Tennu Le,0dQiyqHUpnMPmHtk535VAY,omer inayat,0.287,0.768,308361,0.873,1.76E-05,9,0.114,-3.213,0,0.103,102.001,0.845,146,-0.057840746,0.686417968,0.645854314,0.928224792,-0.170196477,0.992797566,-0.420479738,1.484495463,-1.417641964,0.261659402,-0.578678062,1.003943055
146,2,Dil Na Diya,2PaAG9RNH3HKL57LKc3GJI,Kunal Ganjawala,0.0576,0.733,354253,0.933,0.0691,7,0.0615,-4.583,1,0.105,132.992,0.696,147,-0.989259504,0.432206446,1.354742017,1.28575184,1.652804211,0.432711587,-0.797181105,0.892592704,0.705396726,0.287380207,0.67774343,0.309110833
147,2,"Desi Girl (From ""Dostana"")",5yDtBUvjNse5mr5887lj59,Sunidhi Chauhan,0.0169,0.746,306987,0.924,0.00279,8,0.097,-6.057,1,0.0442,136.051,0.807,148,-1.154511219,0.526627869,0.624630316,1.232122783,-0.097036206,0.712754576,-0.542459228,0.255757182,0.705396726,-0.494532246,0.801759865,0.826737522
148,2,Dus Bahane,1vBmaijoCBoqmwc3zs5n3s,KK,0.175,0.833,206947,0.917,1.92E-06,7,0.109,-5.498,1,0.0597,110.001,0.874,150,-0.51258748,1.15852508,-0.92067444,1.190411294,-0.170610253,0.432711587,-0.456356058,0.497270789,0.705396726,-0.295196012,-0.254346097,1.139178857
149,2,Sadi Gali,1tEto4JrqNmBZFH5uAiYqb,Lehmber Hussainpuri,0.021,0.726,264900,0.994,0.0108,5,0.222,-2.433,0,0.0543,129.989,0.779,151,-1.13786424,0.381364142,-0.025482052,1.649237672,0.114337972,-0.127374392,0.354448791,1.821491194,-1.417641964,-0.364642184,0.555997318,0.696165024
150,2,Rang De Basanti,1SdFBc40uBU5Pqylo05VIC,A.R. Rahman,0.054,0.848,363800,0.925,0.104,7,0.209,-6.161,1,0.0767,105.006,0.69,152,-1.003876363,1.267472876,1.502213273,1.238081567,2.573772852,0.432711587,0.261170357,0.210824418,0.705396726,-0.076569175,-0.456850868,0.281131012
151,2,Prem Ratan Dhan Payo,5HGXuAy0YA1GBRkAny0cvV,Palak Muchhal,0.48,0.451,319343,0.922,3.65E-05,11,0.0616,-6.26,1,0.216,92.409,0.495,153,0.725785323,-1.616012101,0.815491827,1.220205215,-0.169697729,1.552883545,-0.796463579,0.168051883,0.705396726,1.714884849,-0.967552088,-0.628213171
152,2,"Ilahi (From ""Yeh Jawaani Hai Deewani"")",0VxgNsSywsjapKGXvzj8RH,Arijit Singh,0.166,0.594,228982,0.967,2.54E-05,9,0.105,-5.767,1,0.0857,132.009,0.452,154,-0.549129629,-0.577376455,-0.580302686,1.488350501,-0.169990644,0.992797566,-0.485057115,0.381050467,0.705396726,0.039174444,0.63789114,-0.828735221
153,2,Balam Pichkari,18e3XXYCv4Tx8uUl1mP3CN,Vishal Dadlani,0.209,0.732,288903,0.944,0,0,0.403,-4.115,1,0.09,120.019,0.957,155,-0.374539365,0.42494326,0.34528914,1.351298466,-0.170660919,-1.527589339,1.653171602,1.094790143,0.705396726,0.094474174,0.151798607,1.526233048
154,2,"You Are My Soniya (From ""Kabhi Khushi Kabhie Gham"")",0vt3DlLY9G276aK4p29yRT,Sonu Nigam,0.29,0.853,343613,0.785,0,8,0.0589,-6.08,1,0.0619,106.046,0.786,156,-0.04566003,1.303788807,1.190387333,0.403851789,-0.170660919,0.712754576,-0.815836792,0.245820128,0.705396726,-0.266903127,-0.414687712,0.728808149
155,2,Where's the Party Tonight,6ECucSdJeJmSm3k1k3Vumv,Shaan,0.00269,0.764,378160,0.863,0,2,0.27,-5.414,0,0.0416,132.021,0.92,157,-1.212207211,0.657365223,1.72403031,0.868636951,-0.170660919,-0.96750336,0.69886147,0.533562637,-1.417641964,-0.527969292,0.638377638,1.353690818
156,2,Masakali,5iyNH1Dmxif1k4Nl1gMeuh,Mohit Chauhan,0.138,0.678,288647,0.622,2.32E-06,5,0.122,-7.988,0,0.0695,100.005,0.535,158,-0.662816312,0.032731198,0.341334742,-0.567430024,-0.170599697,-0.127374392,-0.363077624,-0.578523275,-1.417641964,-0.169164071,-0.659598887,-0.441681031
157,2,Rock On!!,6fABlNfAOylt7ZxfX8K1XL,Farhan Akhtar,0.175,0.747,231819,0.849,1.23E-06,7,0.126,-5.916,1,0.0581,113.034,0.671,159,-0.51258748,0.533891055,-0.536479919,0.785213973,-0.170628461,0.432711587,-0.334376568,0.316675641,0.705396726,-0.315772656,-0.13138374,0.192528246
158,2,It's the Time to Disco,3hCUkos0NxuSFl73oOHJzb,Shankar-Ehsaan-Loy,0.0452,0.902,333093,0.772,0.000129,6,0.12,-8.29,0,0.0383,131.992,0.808,160,-1.039606464,1.659684938,1.027886273,0.326387595,-0.167256766,0.152668597,-0.377428153,-0.70900111,-1.417641964,-0.570408619,0.637201934,0.831400826
159,2,Kajra Re,72HdutlIHBZJ7WT1xVAAZT,Alisha Chinai,0.365,0.484,482586,0.898,0,0,0.091,-4.132,1,0.164,91.975,0.68,161,0.258857873,-1.376326952,3.337085032,1.077194396,-0.170660919,-1.527589339,-0.585510813,1.087445364,0.705396726,1.046143935,-0.985147098,0.234497977
160,2,"Tumse Milke Dil Ka (From ""Main Hoon Na"")",0QejcQ3N4V7c5kpQnHpVyA,Sonu Nigam,0.0642,0.853,359253,0.745,1.87E-06,9,0.0274,-8.636,0,0.109,107.985,0.882,162,-0.962461929,1.303788807,1.431976361,0.165500424,-0.170611572,0.992797566,-1.041857613,-0.858488959,-1.417641964,0.338821815,-0.336077752,1.176485285
161,2,Bang Bang,5R7HpWXej6SiCrd9YJsC5g,Benny Dayal,0.0478,0.703,320000,0.678,7.02E-05,4,0.496,-8.644,0,0.0417,120.051,0.694,163,-1.029049843,0.214310856,0.82564042,-0.233738113,-0.168808426,-0.407417381,2.320471168,-0.861945326,-1.417641964,-0.526683252,0.153095935,0.299784226
162,2,Dance Basanti,1NxlktIRgiAPJ8U06v9veI,Sachin-Jigar,0.166,0.833,223992,0.74,2.74E-06,6,0.363,-4.513,0,0.129,103.035,0.804,164,-0.549129629,1.15852508,-0.657382561,0.135706503,-0.170588614,0.152668597,1.366161036,0.922835911,-1.417641964,0.596029859,-0.536758156,0.812747612
163,2,Gallan Goodiyaan,7hNYvX0qAKrxtVr1jGDmvR,Farhan Akhtar,0.134,0.83,296500,0.858,1.72E-05,6,0.0567,-3.18,0,0.0554,119.974,0.949,165,-0.679057267,1.136735521,0.462639003,0.83884303,-0.170207032,0.152668597,-0.831622373,1.498752974,-1.417641964,-0.350495742,0.149974239,1.48892662
164,2,Sinbad The Sailor,03VTytguq5MS6e3x03y5i1,Farhan Akhtar,0.415,0.592,387262,0.871,2.01E-05,0,0.349,-6.073,1,0.05,134.921,0.526,166,0.461869808,-0.591902827,1.864627709,0.916307224,-0.170130505,-1.527589339,1.265707338,0.248844449,0.705396726,-0.419941913,0.755947975,-0.483650762
165,2,Chand Sifarish,5EYZZvmNAH5VZCwuzYJqoA,Shaan,0.242,0.829,275931,0.665,1.75E-05,2,0.123,-8.128,1,0.0868,122.043,0.861,167,-0.240551488,1.129472335,0.144912358,-0.311202307,-0.170199115,-0.96750336,-0.35590236,-0.639009688,0.705396726,0.053320887,0.233854594,1.078555911
166,2,Dilliwaali Girlfriend,6p56DuuwZQYSNgeB7fgRkZ,Arijit Singh,0.0811,0.688,260552,0.941,2.89E-06,6,0.0697,-5.23,0,0.0583,138.047,0.909,168,-0.893843895,0.105363061,-0.092645037,1.333422113,-0.170584656,0.152668597,-0.738343939,0.613059066,-1.417641964,-0.313200575,0.882680691,1.30239448
167,2,Bole Chudiyan,1uzkWkIaWaxzHJgJ4Fy5rO,Alka Yagnik,0.45,0.59,408133,0.875,1.18E-05,5,0.164,-5.294,1,0.171,96.915,0.736,169,0.603978162,-0.6064292,2.187019308,0.940142361,-0.170349532,-0.127374392,-0.06171653,0.585408134,0.705396726,1.136166751,-0.784872109,0.495642974
168,2,Bahara,1gwO79MdYdumgIjxq8eCxB,Shreya Ghoshal,0.0718,0.456,325707,0.739,7.24E-06,5,0.134,-6.733,1,0.0402,85.773,0.72,170,-0.931604114,-1.57969617,0.9137957,0.129747719,-0.170469864,-0.127374392,-0.276974455,-0.036305785,0.705396726,-0.545973855,-1.236585454,0.421030118
169,2,Crazy Kiya Re,0se928CIhZPlfVGi3A6zrx,Sunidhi Chauhan,0.143,0.759,294505,0.938,3.97E-06,11,0.402,-5.387,1,0.123,92.017,0.81,171,-0.642515119,0.621049291,0.431822499,1.315545761,-0.170556156,1.552883545,1.645996337,0.545227874,0.705396726,0.518867446,-0.983444355,0.840727433
170,2,"Sooraj Dooba Hain (From ""Roy"")",5HcBFhFQEtqKrsRkr95XYu,Arijit Singh,0.172,0.616,264854,0.75,0,2,0.137,-4.629,1,0.0594,128.051,0.434,172,-0.524768197,-0.417586355,-0.026192608,0.195294344,-0.170660919,-0.96750336,-0.255448662,0.872718597,0.705396726,-0.299054133,0.4774279,-0.912674684
171,2,"Nagada Nagada (From ""Jab We Met"")",2zUBKkcSC6XsE2YVUYdZK5,Sonu Nigam,0.157,0.757,228469,0.942,0.0079,9,0.507,-4.13,0,0.0461,120.006,0.727,173,-0.585671777,0.606522919,-0.588226929,1.339380897,0.037810492,0.992797566,2.399399073,1.088309456,-1.417641964,-0.470097482,0.151271567,0.453673242
172,2,Chak De India,6D3vmtskO4RbZP3bBIDY3X,Sukhwinder Singh,0.54,0.755,283951,0.894,1.55E-05,4,0.141,-8.544,0,0.0993,104.985,0.799,174,0.969399645,0.591996546,0.268796246,1.053359259,-0.170251893,-0.407417381,-0.226747606,-0.818740745,-1.417641964,0.214075914,-0.457702239,0.789431094
173,2,Koi Mil Gaya,5L9fLNHSj5SuGvJRljdWJb,Kavita Krishnamurthy,0.503,0.7,437693,0.687,1.20E-05,2,0.057,-9.292,1,0.0504,136.028,0.815,175,0.819170813,0.192521297,2.64362875,-0.180109056,-0.170344254,-0.96750336,-0.829469794,-1.14191101,0.705396726,-0.414797753,0.800827411,0.86404395
174,2,Tum Mile,1EjxJHY9A6LMOlvyZdwDly,Pritam,0.319,0.738,343787,0.799,4.89E-06,0,0.31,-6.663,1,0.0334,123.011,0.794,176,0.072086892,0.468522378,1.193075088,0.487274767,-0.170531878,-1.527589339,0.985872036,-0.006062578,0.705396726,-0.63342459,0.273098762,0.766114577
175,2,"Coca Cola (From ""Luka Chuppi"")",4bKkdGBttnK4SYjT4zPC1U,Neha Kakkar,0.121,0.722,179225,0.867,0.0052,0,0.123,-3.652,0,0.0904,102.009,0.893,177,-0.73184037,0.352311397,-1.348892537,0.892472088,-0.033439231,-1.527589339,-0.35590236,1.294827353,-1.417641964,0.099618335,-0.57835373,1.227781624
176,2,Masti Ki Paathshala,2cZ2Q33G9mkS8fIVKM591T,A.R. Rahman,0.00131,0.845,219853,0.686,5.35E-05,7,0.129,-6.728,1,0.0781,146.954,0.874,178,-1.21781034,1.245683316,-0.721317151,-0.18606784,-0.169249119,0.432711587,-0.312850775,-0.034145556,0.705396726,-0.058564612,1.243783792,1.139178857
177,2,Main Kya Karoon,4GagsETs7qfR3cwQkRcXgb,Pritam,0.632,0.784,270333,0.453,0.000502,9,0.102,-8.925,1,0.141,91.013,0.667,179,1.342941606,0.80262895,0.058440787,-1.574464542,-0.157413749,0.992797566,-0.506582907,-0.983350198,0.705396726,0.750354685,-1.024148016,0.173875032
178,2,Kala Chashma,3HhzqHPEN33a5UCKSfZpgi,Badshah,0.0984,0.801,187006,0.856,6.62E-05,0,0.228,-4.233,1,0.065,106.026,0.919,180,-0.823601765,0.926103118,-1.228700451,0.826925462,-0.168913982,-1.527589339,0.397500375,1.043808738,0.705396726,-0.227035881,-0.415498542,1.349027515
179,2,Nachde Ne Saare,4c8erEn1DjLoDp0CRLkNnq,Jasleen Royal,0.655,0.82,194762,0.907,4.85E-05,7,0.0816,-4.517,1,0.0607,126.062,0.834,181,1.436327096,1.064103658,-1.108894536,1.130823453,-0.169381063,0.432711587,-0.652958296,0.921107728,0.705396726,-0.28233561,0.396790865,0.952646717
180,2,Mere Gully Mein,7fKywVasHSlshJQpkN2atd,Ranveer Singh,0.00502,0.844,185000,0.617,0,11,0.0558,-12.748,0,0.116,107.999,0.159,182,-1.202746855,1.23842013,-1.25968687,-0.597223945,-0.170660919,1.552883545,-0.838080111,-2.635061326,-1.417641964,0.428844631,-0.335510171,-2.195083148
181,2,"Badri Ki Dulhania (Title Track) [From ""Badrinath Ki Dulhania""]",1LyYUFXNt7TS3wxJF0Ksvb,Monali Thakur,0.105,0.759,206859,0.952,0,2,0.0693,-2.837,1,0.123,128.039,0.812,183,-0.79680419,0.621049291,-0.922033764,1.398968739,-0.170660919,-0.96750336,-0.741214045,1.646944687,0.705396726,0.518867446,0.476941402,0.85005404
182,2,"Too Cheez Badi Hain (From ""Mohra"")",6oH6iCyLvyVGQ7Ru7AGT11,Kavita Krishnamurthy,0.545,0.692,385853,0.875,5.78E-05,8,0.326,-7.381,1,0.0571,84.575,0.787,184,0.989700839,0.134415807,1.842863071,0.940142361,-0.169135647,0.712754576,1.100676262,-0.316271469,0.705396726,-0.328633058,-1.285154165,0.733471452
183,2,Ude Dil Befikre,0hgTkEDY9oIG5DPKN39KHP,Benny Dayal,0.0408,0.704,231327,0.952,0,0,0.335,-2.331,0,0.0333,106.99,0.902,185,-1.057471514,0.221574043,-0.544079778,1.398968739,-0.170660919,-1.527589339,1.165253639,1.865559866,-1.417641964,-0.63471063,-0.37641654,1.269751355
184,2,Azadi,07qSl2sNpFNILaYyZ6yIS9,DIVINE,0.784,0.846,155471,0.693,0.000417,9,0.339,-8.041,1,0.217,97.94,0.456,186,1.960097888,1.252946503,-1.715817459,-0.144356351,-0.159656795,0.992797566,1.193954696,-0.601421703,0.705396726,1.727745251,-0.743317076,-0.810082007
185,2,Aunty Ji,0e5STSwtLEXKN4ygFYydJd,Ash King,0.0535,0.665,274784,0.801,3.09E-06,0,0.3,-5.95,1,0.0972,159.854,0.899,187,-1.005906483,-0.061690225,0.1271948,0.499192335,-0.170579378,-1.527589339,0.914119394,0.301986084,0.705396726,0.18706907,1.766769086,1.255761445
186,2,Dildaara (Stand By Me),6ZoCBDOB308GqUdt2AJrV2,Shafqat Amanat Ali,0.102,0.622,249661,0.779,0.000934,9,0.145,-5.799,1,0.037,100.013,0.761,188,-0.808984906,-0.374007237,-0.260876885,0.368099084,-0.146013793,0.992797566,-0.198046549,0.367225001,0.705396726,-0.587127142,-0.659274555,0.612225561
187,2,"Milegi Milegi (From ""Stree"")",52uiJsA4FrtAZlgqxCJwJI,Mika Singh,0.0512,0.843,153745,0.892,1.13E-06,2,0.101,-4.371,1,0.0527,125.991,0.655,189,-1.015245032,1.231156944,-1.742478754,1.041441691,-0.1706311,-0.96750336,-0.513758172,0.984186416,0.705396726,-0.385218828,0.393912419,0.11791539
188,2,Blue Eyes,7wW9scVNLYFLsmBb1yAUmS,Yo Yo Honey Singh,0.137,0.77,220944,0.51,0.000106,10,0.0346,-5.469,0,0.192,188.067,0.533,190,-0.666876551,0.700944341,-0.704464617,-1.234813847,-0.167863708,1.272840555,-0.990195711,0.509800118,-1.417641964,1.406235196,2.910566303,-0.451007638
189,2,Abhi Kuch Dino Se,1QufGJee7k9v4Cfp2NxXbv,Mohit Chauhan,0.654,0.704,285687,0.695,0,4,0.103,-5.518,1,0.119,92.02,0.683,191,1.432266857,0.221574043,0.29561201,-0.132438783,-0.170660919,-0.407417381,-0.499407643,0.488629873,0.705396726,0.467425837,-0.98332273,0.248487888
190,2,"Malhari (From ""Bajirao Mastani"")",7EvAlx0lOLbZgCKH50wnUU,Vishal Dadlani,0.0592,0.507,244048,0.932,0,1,0.302,-4.501,0,0.0762,114.961,0.311,192,-0.982763122,-1.209273666,-0.34758016,1.279793056,-0.170660919,-1.24754635,0.928469923,0.928020461,-1.417641964,-0.082999376,-0.053260278,-1.486261015
191,2,"Tum Hi Ho Bandhu (From ""Cocktail"")",2zZTXtLqCsICzEcztKjn47,Kavita Seth,0.00145,0.714,282012,0.892,0.000817,11,0.0462,-5.342,0,0.0516,134.997,0.899,193,-1.217241907,0.294205906,0.238844767,1.041441691,-0.149101281,1.552883545,-0.906962647,0.564669935,-1.417641964,-0.39936527,0.759029129,1.255761445
192,2,Radha,6f7zyAEUCZuvX4Zty62Z5o,Shreya Ghoshal,0.11,0.804,341360,0.748,0,1,0.0998,-14.163,0,0.0616,131.989,0.699,194,-0.776502996,0.947892677,1.155585537,0.183376776,-0.170660919,-1.24754635,-0.522368488,-3.246406146,-1.417641964,-0.270761248,0.63708031,0.323100744
193,2,The Disco Song,3UaP2PQwhA31keZXt7oPLA,Vishal-Shekhar,0.0102,0.69,342093,0.939,0.0288,10,0.12,-6.441,0,0.0583,125.006,0.615,195,-1.181714818,0.119889434,1.166908092,1.321504545,0.589336125,1.272840555,-0.377428153,0.089851591,-1.417641964,-0.313200575,0.353979046,-0.06861675
194,2,I Hate Luv Storys,4zUPL2OPTO3hgNhjaA1Rjn,Vishal-Shekhar,0.0688,0.747,285213,0.81,0.0405,11,0.0592,-8.352,0,0.0541,130.012,0.937,196,-0.943784831,0.533891055,0.288290194,0.552821392,0.898084924,1.552883545,-0.813684213,-0.73578795,-1.417641964,-0.367214265,0.556929773,1.432966978
195,2,"Ghungroo (From ""War"")",0WdbnNKO0Jt4BZACSDQh44,Arijit Singh,0.0744,0.695,302935,0.727,0.000175,6,0.533,-6.274,0,0.0323,118.034,0.864,197,-0.921047494,0.156205366,0.562039603,0.058242309,-0.166042882,0.152668597,2.585955941,0.162003241,-1.417641964,-0.647571032,0.071323738,1.092545822
196,2,Kuch Kuch Hota Hai,4RixtPhUXlci9ad4qIMj23,Jatin-Lalit,0.602,0.547,297867,0.554,0.000155,7,0.0735,-11.165,1,0.0374,91.386,0.848,198,1.221134445,-0.918746213,0.483754872,-0.972627345,-0.166570657,0.432711587,-0.711077936,-1.95113281,0.705396726,-0.581982981,-1.009026039,1.017932966
197,2,"Morni Banke (From ""Badhaai Ho"")",5x3K3Ld54TtkYKdQvrFOV3,Neha Kakkar,0.178,0.816,198026,0.922,0,11,0.373,-2.963,0,0.149,95.006,0.887,199,-0.500406764,1.035050913,-1.058475956,1.220205215,-0.170660919,1.552883545,1.437913677,1.592506915,-1.417641964,0.853237903,-0.862265824,1.199801803
198,2,"O Saki Saki (From ""Batla House"")",5djZm1zFGcJUSUqbBjrAZH,Tulsi Kumar,0.163,0.737,191089,0.961,0,10,0.361,-0.155,0,0.0747,108.014,0.567,200,-0.561310345,0.461259192,-1.165630885,1.452597796,-0.170660919,1.272840555,1.351810507,2.805691547,-1.417641964,-0.10228998,-0.334902049,-0.292455318
199,2,Tera Yaar Hoon Main,4ZTx87kAgEwlPMzoojFZWg,Arijit Singh,0.34,0.559,264806,0.541,4.66E-06,10,0.102,-5.525,1,0.0313,83.978,0.309,201,0.157351905,-0.831587977,-0.026934057,-1.050091539,-0.170537947,1.272840555,-0.506582907,0.485605552,0.705396726,-0.660431434,-1.309357438,-1.495587622
200,2,Subah Subah,3kHDA43cBTx63KEZm7M8rq,Arijit Singh,0.308,0.538,277292,0.646,0,3,0.196,-7.187,1,0.05,128.045,0.288,202,0.027424267,-0.98411489,0.165935547,-0.424419205,-0.170660919,-0.687460371,0.167891923,-0.232454582,0.705396726,-0.419941913,0.477184651,-1.593516996
201,2,Nadaan Parinde,6Z394Nd4gW6Ts9hmu3NUjx,A.R. Rahman,0.414,0.507,384000,0.741,3.95E-06,6,0.107,-7.456,0,0.0535,132.903,0.492,203,0.457809569,-1.209273666,1.814240023,0.141665287,-0.170556684,0.152668597,-0.470706587,-0.348674905,-1.417641964,-0.374930506,0.674135237,-0.642203081
202,2,Do Dhaari Talwaar,6RZwj2PZDqM6g7gmO6bOxw,Shahid Mallya,0.47,0.703,300826,0.883,8.46E-06,0,0.31,-7.85,0,0.045,135.05,0.839,204,0.685182936,0.214310856,0.529462157,0.987812634,-0.17043767,-1.527589339,0.985872036,-0.518900954,-1.417641964,-0.484243924,0.761177828,0.975963234
203,2,Bolo Ta Ra Ra,4gmL6HURFqPMwx8nWQoOn2,Daler Mehndi,0.282,0.703,313027,0.848,0.295,6,0.0454,-11.002,1,0.0462,144.899,0.921,205,-0.07814194,0.214310856,0.717929403,0.779255189,7.614031028,0.152668597,-0.912702858,-1.880709344,0.705396726,-0.468811442,1.160471019,1.358354122
204,2,Pardesi,12cK3COq4z4MwaZyjc51zX,Tochi Raina,0.149,0.702,238074,0.77,6.98E-05,5,0.326,-6.995,1,0.0339,124.032,0.739,206,-0.618153687,0.20704767,-0.439859754,0.314470027,-0.168818982,-0.127374392,1.100676262,-0.149501787,0.705396726,-0.626994389,0.314491629,0.509632884
205,2,Na Ja,32LKwbmh6yVsWoRRF8DIvf,Pav Dharia,0.0724,0.772,208000,0.649,0,2,0.0761,-6.411,1,0.143,90.072,0.824,207,-0.929167971,0.715470714,-0.904408887,-0.406542853,-0.170660919,-0.96750336,-0.692422249,0.102812966,0.705396726,0.77607549,-1.062297564,0.906013682
206,3,Sham,5Q58RkKyUafm15Syxg79DW,Amit Trivedi,0.827,0.722,284627,0.288,1.06E-05,4,0.12,-10.767,1,0.0444,119.899,0.502,208,2.134688152,0.352311397,0.279238329,-2.557663924,-0.170381198,-0.407417381,-0.377428153,-1.779178578,0.705396726,-0.491960166,0.146933627,-0.595570046
207,3,Kar Gayi Chull,3fPgIknlkDWXs1l2noKZbp,Badshah,0.0316,0.827,187711,0.737,0.000322,11,0.211,-5.473,0,0.0764,121.99,0.873,209,-1.09482571,1.114945962,-1.217810408,0.117830151,-0.16216373,1.552883545,0.275520885,0.508071934,-1.417641964,-0.080427296,0.231705895,1.134515553
208,3,Pani Da Rang (Male),44gvSP8Kpx6P7VSRHL9dN8,Ayushmann Khurrana,0.172,0.672,239333,0.67,0.000198,4,0.197,-7.257,0,0.0315,98.032,0.533,210,-0.524768197,-0.01084792,-0.420412147,-0.281408386,-0.16543594,-0.407417381,0.175067187,-0.262697789,-1.417641964,-0.657859354,-0.739587258,-0.451007638
209,3,Samjhawan,0rk2X5TAhraBC5aCIXK2Rq,Arijit Singh,0.293,0.65,269185,0.482,0,4,0.0811,-8.667,1,0.0281,106.994,0.517,211,-0.033479314,-0.17063802,0.040707781,-1.401659802,-0.170660919,-0.407417381,-0.656545928,-0.87188238,0.705396726,-0.701584721,-0.376254374,-0.525620494
210,3,Kabira,4bD9z9qa4qg9BhryvYWB7c,Rekha Bhardwaj,0.481,0.59,223460,0.555,0,2,0.192,-6.852,1,0.0271,84.032,0.191,212,0.729845562,-0.6064292,-0.665600295,-0.966668561,-0.170660919,-0.96750336,0.139190866,-0.087719236,0.705396726,-0.714445123,-1.307168198,-2.045857436
211,3,Kal Ho Naa Ho,251PNRmJU9KcUnFQAB5t6I,Sonu Nigam,0.334,0.532,321240,0.529,0.000144,0,0.078,-8.402,1,0.0352,81.989,0.295,213,0.132990473,-1.027694008,0.844794537,-1.121596948,-0.166860934,-1.527589339,-0.678789247,-0.75739024,0.705396726,-0.610275866,-1.389994473,-1.560873871
212,3,Tere Bina,4FeczSomVWVyU4FW7xDeAI,A.R. Rahman,0.278,0.744,309640,0.7,0.000155,2,0.068,-7.663,1,0.0376,144.043,0.866,214,-0.094382894,0.512101496,0.665610859,-0.102644862,-0.166570657,-0.96750336,-0.750541888,-0.438108387,0.705396726,-0.579410901,1.125767499,1.101872429
213,3,Bulleya,0Bz7dfqPY4JOGZO3O1j8Wh,Pritam,0.497,0.552,348966,0.769,0,2,0.112,-4.504,0,0.0465,86.957,0.702,215,0.794809381,-0.882430281,1.273074422,0.308511243,-0.170660919,-0.96750336,-0.434830266,0.926724323,-1.417641964,-0.464953321,-1.188584323,0.337090654
214,3,Bin Tere,3bZPdEskcnMdepwCaDSJRl,Shafqat Amanat Ali,0.42,0.585,330360,0.698,3.59E-06,9,0.363,-6.261,1,0.0392,139.831,0.621,216,0.482171001,-0.642745132,0.985669981,-0.11456243,-0.170566183,0.992797566,1.366161036,0.167619837,0.705396726,-0.558834257,0.955006719,-0.040636929
215,3,"Dooriyan (From ""Love Aaj Kal"")",4peiaLdhDgUgQ646Gpbvh3,Mohit Chauhan,0.611,0.517,337360,0.716,0,7,0.11,-6.582,0,0.0509,122.952,0.594,217,1.257676593,-1.136641803,1.093798062,-0.007304316,-0.170660919,0.432711587,-0.449180794,0.028933132,-1.417641964,-0.408367551,0.270706814,-0.166546124
216,3,Teri Deewani,2iNqdCchlUZEgjJbQyZf8T,Kailash Kher,0.324,0.447,323520,0.6,0,4,0.0962,-3.718,0,0.0332,80.044,0.434,218,0.092388086,-1.645064847,0.880013398,-0.698523275,-0.170660919,-0.407417381,-0.548199439,1.266312329,-1.417641964,-0.63599667,-1.468847682,-0.912674684
217,3,"Galliyan (From ""Ek Villain"")",517bz7zkWELmyL4eZzJ5R9,Ankit Tiwari,0.445,0.552,340400,0.75,7.37E-05,10,0.291,-5.215,0,0.039,89.999,0.4,219,0.583676969,-0.882430281,1.140756543,0.195294344,-0.168716066,1.272840555,0.849542017,0.619539753,-1.417641964,-0.561406337,-1.065257093,-1.071227003
218,3,"Bolna (From ""Kapoor & Sons (Since 1921)"")",3GrCQPpKqKzOcKfMAoqn82,Tanishk Bagchi,0.598,0.488,212832,0.403,4.26E-06,5,0.434,-7.004,1,0.0272,131.496,0.495,220,1.20489349,-1.347274207,-0.829769617,-1.872403749,-0.170548503,-0.127374392,1.87560479,-0.153390199,0.705396726,-0.713159083,0.617093352,-0.628213171
219,3,Abhi Mujh Mein Kahin,73y649QhnXdcm6fRdvfraO,Sonu Nigam,0.755,0.334,364787,0.387,3.94E-05,2,0.113,-9.483,1,0.0332,129.959,0.42,221,1.842350966,-2.465804903,1.517459333,-1.967744295,-0.169621201,-0.96750336,-0.427655002,-1.22443176,0.705396726,-0.63599667,0.554781074,-0.977960933
220,3,Roobaroo,3vqJY3pVELLIxqXXyI08yr,A.R. Rahman,0.661,0.675,282973,0.582,5.56E-06,9,0.0854,-8.891,1,0.0277,120.991,0.538,222,1.460688528,0.010941639,0.253689208,-0.805781389,-0.170514198,0.992797566,-0.625692292,-0.968660641,0.705396726,-0.706728882,0.191204941,-0.42769112
221,3,Sajdaa,5upmbnXemLfPvs3d2eyHml,Shankar-Ehsaan-Loy,0.726,0.468,365707,0.737,0.00272,8,0.0655,-7.274,1,0.0765,79.448,0.572,223,1.724604044,-1.492537934,1.531670452,0.117830151,-0.098883421,0.712754576,-0.768480049,-0.270042568,0.705396726,-0.079141256,-1.493010414,-0.269138801
222,3,Ishq Wala Love,1hQia6rxgfM1ly2hE3StWp,Vishal-Shekhar,0.533,0.711,257973,0.295,4.80E-05,0,0.0782,-12.377,0,0.0334,135.048,0.694,224,0.940977974,0.272416347,-0.132482512,-2.515952435,-0.169394257,-1.527589339,-0.677354194,-2.474772331,-1.417641964,-0.63342459,0.761096745,0.299784226
223,3,Tum Se Hi,7eQl3Yqv35ioqUfveKHitE,Mohit Chauhan,0.328,0.609,321225,0.538,0,6,0.125,-7.842,1,0.0273,130.007,0.608,225,0.108629041,-0.46842866,0.844562834,-1.067967891,-0.170660919,0.152668597,-0.341551832,-0.515444587,0.705396726,-0.711873043,0.556727065,-0.101259875
224,3,Channa Mereya,0H2iJVgorRR0ZFgRqGUjUM,Arijit Singh,0.237,0.476,289333,0.788,2.49E-05,9,0.106,-4.821,0,0.0446,90.066,0.746,226,-0.260852681,-1.434432443,0.351931294,0.421728141,-0.170003838,0.992797566,-0.477881851,0.789765802,-1.417641964,-0.489388085,-1.062540813,0.542276009
225,3,Mitwa,4BTPzhEsyW3blWcxcuhLM0,Shankar Mahadevan,0.295,0.63,382973,0.63,1.26E-05,4,0.0934,-7.525,1,0.0364,107.103,0.517,227,-0.025358836,-0.315901747,1.798376089,-0.519759751,-0.170328421,-0.407417381,-0.568290179,-0.378486066,0.705396726,-0.594843383,-0.371835351,-0.525620494
226,3,Shukran Allah,3nKEiJUeaWn8q2O9I1xwlB,Sonu Nigam,0.732,0.432,290053,0.695,0.0014,1,0.274,-8.022,1,0.111,116.153,0.513,228,1.748965476,-1.754012642,0.363053039,-0.132438783,-0.133716618,-1.24754635,0.727562526,-0.593212833,0.705396726,0.36454262,-0.004934815,-0.544273708
227,3,Khaabon Ke Parinday,14eotumM24MhIgzidgN3Jx,Alyssa Mendonsa,0.721,0.517,251704,0.565,0.00689,9,0.0997,-10.184,1,0.0441,169.952,0.69,229,1.70430285,-1.136641803,-0.229318933,-0.90708072,0.011157818,0.992797566,-0.523086015,-1.527295872,0.705396726,-0.495818286,2.17615711,0.281131012
228,3,Dil Se Re,30yySOIXHZYx94sLAySy2j,A.R. Rahman,0.00882,0.844,405707,0.442,0.000498,9,0.0879,-16.54,1,0.0691,105.986,0.436,230,-1.187317948,1.23842013,2.149545205,-1.640011168,-0.157519304,0.992797566,-0.607754132,-4.273379034,0.705396726,-0.174308232,-0.417120202,-0.903348077
229,3,"Jaane Kyun (From ""Dostana"")",4w90JoFrkoYfxe4S8DWD7T,Vishal-Shekhar,0.0573,0.778,277987,0.812,8.28E-06,4,0.243,-8.561,0,0.046,99.962,0.791,231,-0.990477576,0.759049832,0.17667112,0.56473896,-0.17044242,-0.407417381,0.505129338,-0.826085524,-1.417641964,-0.471383522,-0.661342172,0.752124666
230,3,Gal Mitthi Mitthi,4J9n7thOdqi8gxRGNyQoVC,Amit Trivedi,0.13,0.906,255907,0.699,0.0165,0,0.178,-5.526,1,0.0462,129.946,0.938,232,-0.695298222,1.688737683,-0.164395743,-0.108603646,0.264754054,-1.527589339,0.038737168,0.485173507,0.705396726,-0.468811442,0.554254034,1.437630281
231,3,Saiyyan,2vR23BjIzpLMtzsyKrM6Mb,Kailash Kher,0.65,0.473,343907,0.562,0.000117,0,0.12,-8.624,1,0.0451,74.653,0.316,233,1.416025902,-1.456222002,1.194928712,-0.924957072,-0.167573431,-1.527589339,-0.377428153,-0.85330441,0.705396726,-0.482957884,-1.687406885,-1.462944498
232,3,Kabhi Kabhi Aditi,3APdIdF8H0jsxSuGOqXedS,Rashid Ali,0.276,0.791,218836,0.558,0,7,0.0859,-7.155,0,0.0661,95.077,0.872,234,-0.102503372,0.853471254,-0.737026617,-0.948792209,-0.170660919,0.432711587,-0.62210466,-0.218629116,-1.417641964,-0.212889438,-0.859387378,1.12985225
233,3,Udd Gaye - Bacardi House Party Sessions,6wZJsut8fjiWiMPaccRAOX,Ritviz,0.000712,0.595,180414,0.818,0.0386,11,0.142,-6.189,0,0.0479,144.956,0.48,235,-1.220238363,-0.570113268,-1.33052621,0.600491665,0.84794623,1.552883545,-0.219572341,0.198727135,-1.417641964,-0.446948758,1.162781884,-0.698162723
234,3,Pareshaan,5XXJqs7f42R8PAY4Xcr0ax,Shalmali Kholgade,0.421,0.446,292075,0.398,5.48E-05,2,0.112,-11.353,0,0.0358,149.839,0.259,236,0.48623124,-1.652328033,0.394286608,-1.902197669,-0.169214814,-0.96750336,-0.434830266,-2.032357423,-1.417641964,-0.602559624,1.360746007,-1.728752797
235,3,Enna Sona,6bdpj89aYEBjhpsenXAsmO,Arijit Singh,0.635,0.717,213632,0.416,1.43E-06,7,0.0976,-9.875,0,0.0303,100.026,0.381,237,1.355122322,0.315995465,-0.817412122,-1.794939555,-0.170623183,0.432711587,-0.53815407,-1.393793717,-1.417641964,-0.673291836,-0.658747516,-1.15982977
236,3,Jab Se Tere Naina,0gRNu9dVzi5aC87AI1empZ,Shaan,0.362,0.599,284573,0.653,0,0,0.144,-7.576,0,0.122,79.968,0.678,238,0.246677157,-0.541060523,0.278404198,-0.382707716,-0.170660919,-1.527589339,-0.205221813,-0.400520402,-1.417641964,0.506007044,-1.471928836,0.22517137
237,3,Zehnaseeb,3xF15SqY32Mno3UUMBirhU,Vishal-Shekhar,0.363,0.623,217440,0.595,0.000131,7,0.353,-6.342,1,0.0331,78.029,0.418,239,0.250737395,-0.366744051,-0.758590445,-0.728317196,-0.167203988,0.432711587,1.294408394,0.132624126,0.705396726,-0.63728271,-1.550538796,-0.98728754
238,3,"Ajj Din Chadheya (From ""Love Aaj Kal "")",6lHBOxVVbjkmByOjHRC2bA,Rahat Fateh Ali Khan,0.551,0.585,315013,0.687,6.70E-06,9,0.121,-4.553,1,0.0724,85.871,0.815,240,1.014062271,-0.642745132,0.748606885,-0.180109056,-0.170484114,0.992797566,-0.370252889,0.905554079,0.705396726,-0.131868905,-1.232612387,0.86404395
239,3,In Dino,6YycppSAeGtSvwmu8qCcr2,Pritam,0.513,0.406,397027,0.633,0,0,0.116,-6.989,1,0.0379,101.436,0.344,241,0.8597732,-1.942855487,2.015466383,-0.501883399,-0.170660919,-1.527589339,-0.406129209,-0.146909512,0.705396726,-0.57555278,-0.601584007,-1.332372
240,3,"Suraj Hua Maddham (From ""Kabhi Khushi Kabhie Gham"")",2bTOQ3zfHVDEBX9ffy3JzR,Sonu Nigam,0.329,0.626,427547,0.69,0.000209,5,0.134,-5.851,1,0.0595,79.995,0.566,242,0.112689279,-0.344954492,2.486904819,-0.162232703,-0.165145663,-0.127374392,-0.276974455,0.344758619,0.705396726,-0.297768093,-1.470834216,-0.297118622
241,3,Subhanallah,0GQngE2rOYvlKwEQjTAsP8,Sreeram,0.452,0.302,249707,0.494,0,9,0.134,-5.041,1,0.0451,88.586,0.454,243,0.61209864,-2.698226866,-0.26016633,-1.330154393,-0.170660919,0.992797566,-0.276974455,0.694715724,0.705396726,-0.482957884,-1.122542226,-0.819408614
242,3,Sun Saathiya,0zuqABAUKs8WLVq8vCmfst,Priya Saraiya,0.604,0.456,218724,0.668,0.000145,9,0.141,-7.795,0,0.0373,144.062,0.263,244,1.229254922,-1.57969617,-0.738756666,-0.293325954,-0.166834545,0.992797566,-0.226747606,-0.495138434,-1.417641964,-0.583269021,1.126537787,-1.710099583
243,3,Dil Diyan Gallan,5MnAi6ZF7cE8pAz7wYr9Ta,Atif Aslam,0.565,0.716,260537,0.64,0.00139,2,0.127,-8.726,1,0.025,105.012,0.485,245,1.070905613,0.308732279,-0.09287674,-0.46017191,-0.133980506,-0.96750336,-0.327201304,-0.897373082,0.705396726,-0.741451968,-0.456607619,-0.674846206
244,3,Tujhe Bhula Diya,4r8JqkhpTb5tzSKKHnVJIJ,Mohit Chauhan,0.464,0.644,279429,0.423,0,11,0.11,-8.702,0,0.0324,131.903,0.509,246,0.660821504,-0.214217138,0.198945505,-1.753228066,-0.170660919,1.552883545,-0.449180794,-0.887003983,-1.417641964,-0.646284992,0.633593741,-0.562926922
245,3,Kahin To,3E424W0IJS3ypZ4YOxE0Jn,Rashid Ali,0.334,0.61,303206,0.492,6.30E-06,10,0.0979,-7.55,1,0.0261,90.984,0.165,247,0.132990473,-0.461165473,0.566225705,-1.342071961,-0.17049467,1.272840555,-0.53600149,-0.389287211,0.705396726,-0.727305526,-1.02532372,-2.167103327
246,3,Ambarsariya,4qRcjFkFqSpLBzcbLDt7HL,Sona Mohapatra,0.574,0.649,248182,0.458,0,4,0.113,-7.632,0,0.0446,180.071,0.748,248,1.107447761,-0.177901206,-0.283722804,-1.544670622,-0.170660919,-0.407417381,-0.427655002,-0.424714967,-1.417641964,-0.489388085,2.586396504,0.551602616
247,3,Moh Moh Ke Dhaage (Male),189DQylImZ1hGZaIpAQUzx,Papon,0.741,0.634,322900,0.344,6.09E-05,2,0.111,-11.011,1,0.0288,128,0.409,249,1.785507624,-0.286849001,0.870436339,-2.223972012,-0.169053842,-0.96750336,-0.44200553,-1.884597756,0.705396726,-0.69258244,0.475360284,-1.029257272
248,3,Khuda Jaane,0gPgdRfB4jdGrlyXS0Vx78,KK,0.391,0.382,333584,0.632,0.000486,8,0.0922,-6.393,1,0.0411,78.936,0.716,250,0.364424079,-2.117171959,1.035470686,-0.507842183,-0.157835969,0.712754576,-0.576900496,0.11058979,0.705396726,-0.534399493,-1.513767659,0.402376903
249,3,"Humsafar (From ""Badrinath Ki Dulhania"")",7aE1lfskJLMHQnzCCP1zsV,Akhil Sachdeva,0.719,0.319,268463,0.552,0,7,0.144,-6.401,1,0.0307,93.991,0.221,251,1.696182373,-2.574752698,0.029555142,-0.984544913,-0.170660919,0.432711587,-0.205221813,0.107133424,0.705396726,-0.668147676,-0.903415442,-1.905958331
250,3,Love You Zindagi,6k3XXCE1ZzwevQlxf8dNaw,Amit Trivedi,0.06,0.688,232505,0.701,0.0301,3,0.271,-7.505,1,0.0298,110.019,0.385,252,-0.979514931,0.105363061,-0.525883367,-0.096686078,0.623641547,-0.687460371,0.706036734,-0.369845149,0.705396726,-0.679722038,-0.25361635,-1.141176556
251,3,Sooraj Ki Baahon Mein,723xQva0yBF7M6K3nDAG8R,Dominique Cerejo,0.19,0.855,202919,0.553,5.19E-06,11,0.0942,-6.52,1,0.0331,124.922,0.874,253,-0.4516839,1.31831518,-0.982894427,-0.978586129,-0.170523961,1.552883545,-0.562549968,0.055719972,0.705396726,-0.63728271,0.35057356,1.139178857
252,3,Naina Da Kya Kasoor,4JQxGJ8jsKW8pOUVoAgOZr,Amit Trivedi,0.159,0.845,210952,0.659,0.0129,9,0.0782,-6.348,1,0.0373,125.965,0.547,254,-0.5775513,1.245683316,-0.85880973,-0.346955011,0.169754424,0.992797566,-0.677354194,0.130031852,0.705396726,-0.583269021,0.39285834,-0.385721389
253,3,Tujh Mein Rab Dikhta Hai,2LcXJP95e4HKydTZ2mYfrx,Roop Kumar Rathod,0.315,0.56,281574,0.604,1.12E-06,8,0.176,-8.732,1,0.0866,84.784,0.75,255,0.055845938,-0.82432479,0.232079039,-0.674688139,-0.170631364,0.712754576,0.02438664,-0.899965357,0.705396726,0.050748806,-1.276680993,0.560929223
254,3,Ye Tumhari Meri Baatein,1xaj4bm3GMthtoZHUfepl1,Dominique,0.393,0.351,324058,0.552,0.000494,5,0.112,-7.404,1,0.0273,87.769,0.319,256,0.372544556,-2.342330735,0.888323813,-0.984544913,-0.157624859,-0.127374392,-0.434830266,-0.326208523,0.705396726,-0.711873043,-1.155664628,-1.448954587
255,3,Aas Paas Khuda,3kuxr8U3QynLzyW82p5hYR,Rahat Fateh Ali Khan,0.335,0.556,319116,0.706,1.80E-06,5,0.137,-5.709,1,0.0336,80.008,0.726,257,0.137050712,-0.853377536,0.811985388,-0.066892157,-0.170613419,-0.127374392,-0.255448662,0.406109124,0.705396726,-0.630852509,-1.470307176,0.449009939
256,3,Dil Chahta Hai,2r1CHpKRDdzHGJScn5UqjX,Shankar Mahadevan,0.0906,0.813,310080,0.554,1.23E-06,10,0.0629,-9.105,1,0.04,103.953,0.782,258,-0.855271627,1.013261354,0.672407481,-0.972627345,-0.170628461,1.272840555,-0.787135736,-1.061118444,0.705396726,-0.548545935,-0.499541063,0.710154935
257,3,"Guzarish (From ""Ghajini"")",39bHz64P8EIGXnoPfpYnUE,Javed Ali,0.0925,0.595,327030,0.624,0,9,0.114,-10.943,0,0.0603,170.001,0.647,259,-0.847557173,-0.570113268,0.934231907,-0.555512456,-0.170660919,0.992797566,-0.420479738,-1.855218641,-1.417641964,-0.287479771,2.178143643,0.080608962
258,3,Dil Kyun Yeh Mera,5nHwX7e5XHnie22nuTFgda,KK,0.613,0.486,333200,0.382,8.56E-05,6,0.149,-6.183,1,0.0286,125.918,0.164,260,1.26579707,-1.361800579,1.029539088,-1.997538215,-0.168402039,0.152668597,-0.169345492,0.20131941,0.705396726,-0.69515452,0.39095289,-2.17176663
259,3,Dil Dhadakne Do,46elU7IBKWf55D5sjHGqO7,Joi Barua,0.0705,0.778,230319,0.599,0,2,0.59,-4.758,1,0.032,116.951,0.949,262,-0.936882425,0.759049832,-0.559650222,-0.704482059,-0.170660919,-0.96750336,2.994945998,0.816984688,0.705396726,-0.651429153,0.027417298,1.48892662
260,3,Uff Teri Adaa,0og9wKFGgFFNQnrBe7eisG,Shankar Mahadevan,0.00536,0.647,304089,0.792,5.82E-05,2,0.054,-9.815,1,0.0373,132.032,0.306,263,-1.201366374,-0.192427579,0.57986529,0.445563278,-0.169125092,-0.96750336,-0.850995587,-1.367870968,0.705396726,-0.583269021,0.638823594,-1.509577533
261,3,"Bekhayali (From ""Kabir Singh"")",1feANd8EfcDP5UqSvbheM3,Sachet Tandon,0.45,0.308,371791,0.585,0,9,0.319,-5.18,0,0.0428,171.843,0.345,264,0.603978162,-2.654647748,1.625649202,-0.787905037,-0.170660919,0.992797566,1.050449413,0.634661356,-1.417641964,-0.512536809,2.252821078,-1.327708696
262,3,Socha Hai,7IjnfuMNfdrAXbefurdIIR,Farhan Akhtar,0.722,0.593,246132,0.773,0,2,0.117,-5.591,1,0.0339,133.975,0.561,265,1.708363089,-0.584639641,-0.315388886,0.332346379,-0.170660919,-0.96750336,-0.398953945,0.457090529,0.705396726,-0.626994389,0.71759572,-0.320435139
263,3,Main Rahoon Ya Na Rahoon,6f3ANRNQ8nCiPZ6VqXqq93,Armaan Malik,0.718,0.55,309458,0.488,0.000118,6,0.126,-8.059,1,0.0284,136.025,0.301,266,1.692122134,-0.896956654,0.662799529,-1.365907098,-0.167547042,0.152668597,-0.334376568,-0.609198528,0.705396726,-0.697726601,0.800705786,-1.53289405
264,3,"Kaise Hua (From ""Kabir Singh"")",1y1rQTkWmrZdJmjwuK07GC,Vishal Mishra,0.452,0.385,234722,0.464,0,2,0.109,-6.975,1,0.0404,137.839,0.15,267,0.61209864,-2.0953824,-0.491637659,-1.508917917,-0.170660919,-0.96750336,-0.456356058,-0.140860871,0.705396726,-0.543401774,0.874248059,-2.237052879
265,3,Ik Junoon (Paint It Red),7e6qTHVfRdaYsio90s1fHC,Vishal Dadlani,0.364,0.79,299119,0.848,0.00147,2,0.148,-7.798,1,0.0508,127.034,0.641,268,0.254797634,0.846208068,0.503094352,0.779255189,-0.131869403,-0.96750336,-0.176520756,-0.496434572,0.705396726,-0.409653592,0.436197199,0.052629141
266,3,Senorita,3TAhWtQnpoL5Vl9VQPl9fU,Farhan Akhtar,0.134,0.701,229576,0.681,0,9,0.064,-6.442,1,0.0466,122.539,0.81,269,-0.679057267,0.199784484,-0.571127246,-0.215861761,-0.170660919,0.992797566,-0.779242945,0.089419546,0.705396726,-0.463667281,0.253963176,0.840727433
267,3,Woh Ladki Hai Kahan,2tO0QPdCA0jgDBshTuYYkc,Shaan,0.172,0.786,306133,0.677,0.000104,8,0.0446,-8.624,1,0.183,94.985,0.858,270,-0.524768197,0.817155322,0.61143869,-0.239696897,-0.167916485,0.712754576,-0.91844307,-0.85330441,0.705396726,1.290491577,-0.863117196,1.064566001
268,3,Voh Dekhnay Mein,0EMYTe2oQy70PCKPQFlbVy,Ali Zafar,0.491,0.815,272453,0.421,4.41E-06,0,0.117,-8.125,1,0.0352,140.01,0.543,271,0.770447949,1.027787726,0.091188148,-1.765145634,-0.170544545,-1.527589339,-0.398953945,-0.637713551,0.705396726,-0.610275866,0.962263647,-0.404374603
269,3,Daryaa,3ExeNEpJJQXfmq1cwj0LVo,Shahid Mallya,0.148,0.565,261918,0.527,2.30E-06,8,0.103,-5.035,1,0.0252,91.989,0.231,272,-0.622213925,-0.788008859,-0.071544614,-1.133514517,-0.170600225,0.712754576,-0.499407643,0.697307999,0.705396726,-0.738879888,-0.984579517,-1.859325295
270,3,Patakha Guddi,7jpmNt5iCtSdXuT1xEGp8O,Sultana,0.25,0.814,285186,0.791,0,11,0.124,-5.057,1,0.0934,130.941,0.902,273,-0.208069578,1.02052454,0.287873129,0.439604494,-0.170660919,1.552883545,-0.348727096,0.687802991,0.705396726,0.138199541,0.594592822,1.269751355
271,3,Ikk Kudi,1NgRBQQD8ZHy6lv79KyeZO,Shahid Mallya,0.723,0.641,242862,0.374,1.64E-05,11,0.135,-6.731,1,0.0284,120.035,0.265,274,1.712423328,-0.236006697,-0.365900147,-2.045208489,-0.170228143,1.552883545,-0.26979919,-0.035441693,0.705396726,-0.697726601,0.152447271,-1.700772976
272,3,Pichle Saat Dinon Mein (Album Version),1QQqHS80CpR8tA2lR8O65y,Farhan Akhtar,0.346,0.717,187942,0.772,1.05E-06,7,0.134,-5.852,1,0.0522,106.077,0.792,275,0.181713337,0.315995465,-1.214242181,0.326387595,-0.170633211,0.432711587,-0.276974455,0.344326573,0.705396726,-0.391649029,-0.413430926,0.75678797
273,3,Te Amo (Duet),3x55c9UVpbURc2T02DLfEM,Ash King,0.606,0.592,284723,0.757,0,11,0.251,-5.381,1,0.053,127.939,0.598,276,1.2373754,-0.591902827,0.280721229,0.237005833,-0.170660919,1.552883545,0.562531451,0.547820149,0.705396726,-0.381360707,0.472887252,-0.14789291
274,3,Pehli Baar,39GcR1iJpR2RX629O0zuW5,Sukriti Kakar,0.00147,0.734,263810,0.738,0,9,0.113,-4.606,0,0.0368,126.007,0.813,277,-1.217160702,0.439469633,-0.042319139,0.123788935,-0.170660919,0.992797566,-0.427655002,0.882655651,-1.417641964,-0.589699222,0.394561083,0.854717343
275,3,Sau Aasmaan,0zHZSO80CTxNtvtRhveHRJ,Armaan Malik,0.123,0.63,234737,0.729,8.00E-06,6,0.0786,-4.93,1,0.0287,127.919,0.44,278,-0.723719893,-0.315901747,-0.491405956,0.070159878,-0.170449809,0.152668597,-0.674484088,0.742672809,0.705396726,-0.69386848,0.472076422,-0.884694863
276,3,Subha Hone Na De,6WediUhXDfm8FR3wlM0r3G,Mika Singh,0.0805,0.728,288696,0.9,0.0485,8,0.154,-4.529,1,0.0452,131.971,0.503,279,-0.896280038,0.395890515,0.342091638,1.089111964,1.109195214,0.712754576,-0.133469172,0.915923178,0.705396726,-0.481671844,0.636350563,-0.590906743
277,3,Tumse Hi Tumse,6qNyL8lZuqFmy9ginJRQOZ,Shekhar Ravjiani,0.0981,0.7,261559,0.526,0.471,0,0.102,-6.246,1,0.0355,92.015,0.774,280,-0.824819837,0.192521297,-0.07709004,-1.139473301,12.25845741,-1.527589339,-0.506582907,0.174100524,0.705396726,-0.606417745,-0.983525438,0.672848507
278,3,"Chaiyya Chaiyya (From ""Dil Se"")",7ltsfuHdqTZ5LwPpDy1q0v,Sukhwinder Singh,0.186,0.786,416613,0.579,0,2,0.118,-14.913,1,0.142,90.012,0.481,281,-0.467924855,0.817155322,2.318008756,-0.823657742,-0.170660919,-0.96750336,-0.391778681,-3.570440503,0.705396726,0.763215087,-1.064730054,-0.69349942
279,3,Jeet,4ye8U0982eHtlhlvePpxtP,Ritviz,0.357,0.787,184848,0.734,0.00101,0,0.0625,-6.464,1,0.0701,98.989,0.634,282,0.226375963,0.824418509,-1.262034794,0.099953798,-0.144008245,-1.527589339,-0.790005841,0.079914538,0.705396726,-0.16144783,-0.700789047,0.019986016
280,3,O Re Piya,7cWnks0lsRtpAi87COOiXK,Rahat Fateh Ali Khan,0.779,0.586,379768,0.532,0.000565,11,0.124,-8.837,0,0.0328,99.994,0.494,283,1.939796695,-0.635481945,1.748868875,-1.103720596,-0.155751255,1.552883545,-0.348727096,-0.945330167,-1.417641964,-0.641140831,-0.660044844,-0.632876474
281,3,"Chor Bazari (From ""Love Aaj Kal "")",6XE0MxTJdLWEePTCqAw5xr,Neeraj Shridhar,0.368,0.824,257440,0.757,0.000111,11,0.146,-5.047,1,0.0743,100.027,0.97,284,0.271038589,1.093156403,-0.140715693,0.237005833,-0.167731764,1.552883545,-0.190871285,0.692123449,0.705396726,-0.10743414,-0.658706975,1.586855993
282,3,Apna Time Aayega,5uaIbU3oHHcSOK6WFNK5nj,Ranveer Singh,0.0187,0.766,140463,0.618,0.000115,11,0.181,-8.552,0,0.124,95.054,0.513,285,-1.147202789,0.671891596,-1.947644066,-0.591265161,-0.167626209,1.552883545,0.06026296,-0.822197111,-1.417641964,0.531727848,-0.860319832,-0.544273708
283,3,Lamberghini,7cFuzwgbtHXmSKuCzo0qCW,The Doorbeen,0.5,0.957,216905,0.579,0,11,0.0737,-7.257,1,0.0512,103.981,0.856,286,0.806990097,2.059160187,-0.76685452,-0.823657742,-0.170660919,1.552883545,-0.709642883,-0.262697789,0.705396726,-0.404509431,-0.498405901,1.055239394
284,3,Makhna,0ZHILXmUaVSLEOCWxPQ1ga,Tanishk Bagchi,0.167,0.696,183000,0.704,0,1,0.155,-7.876,1,0.0423,124.972,0.426,287,-0.54506939,0.163468552,-1.290580607,-0.078809726,-0.170660919,-1.24754635,-0.126293907,-0.530134145,0.705396726,-0.51896701,0.352600635,-0.949981112
285,3,Din Shagna Da,20rwogC6aE369YsxFb5aRp,Jasleen Royal,0.802,0.583,215305,0.452,0.00632,11,0.143,-10.459,0,0.026,79.999,0.327,288,2.033182185,-0.657271504,-0.79156951,-1.580423326,-0.00388379,1.552883545,-0.212397077,-1.646108469,-1.417641964,-0.728591566,-1.47067205,-1.411648159
286,3,Mauja Hi Mauja,2iXVckhPy7tP0wV9DvlrjZ,Mika Singh,0.075,0.738,245100,0.873,0.0294,2,0.225,-5.659,1,0.107,104.983,0.484,289,-0.918611351,0.468522378,-0.331330054,0.928224792,0.605169397,-0.96750336,0.375974583,0.427711414,0.705396726,0.313101011,-0.457783322,-0.679509509
287,3,Badtameez Dil,4eu27jAU2bbnyHUC3G75U8,Benny Dayal,0.24,0.805,252760,0.932,0,2,0.216,-2.228,0,0.0684,106.019,0.792,290,-0.248671965,0.955155863,-0.213007039,1.279793056,-0.170660919,-0.96750336,0.311397206,1.910060585,-1.417641964,-0.183310513,-0.415782333,0.75678797
288,3,"London Thumakda (From ""Queen"")",1VY2incfH4TLT9PCbot6lj,Neha Kakkar,0.363,0.835,230468,0.718,0.000919,0,0.0625,-6.614,1,0.0818,139.964,0.64,291,0.250737395,1.173051453,-0.557348639,0.004613252,-0.146409625,-1.527589339,-0.790005841,0.015107666,0.705396726,-0.010981124,0.960398738,0.047965837
289,3,Tu Hi Re - Bombay / Soundtrack Version,6nwRC0UkS1MdOOMjcJsrbX,Hariharan,0.158,0.445,435493,0.188,0,3,0.0958,-13.885,1,0.0336,99.718,0.357,292,-0.581611538,-1.659591219,2.609645639,-3.153542337,-0.170660919,-0.687460371,-0.551069545,-3.126297411,0.705396726,-0.630852509,-0.671234297,-1.271749054
290,3,Saawariya,5T6yrJuKWnkCH2OlQsoO7z,Monty Sharma,0.45,0.407,165773,0.497,1.74E-05,9,0.129,-8.292,1,0.0398,102.649,0.764,293,0.603978162,-1.9355923,-1.556683816,-1.312278041,-0.170201754,0.992797566,-0.312850775,-0.709865201,0.705396726,-0.551118016,-0.552407173,0.626215472
291,3,"Twist (From ""Love Aaj Kal"")",2W94YEMyahGhIrsjx35dVQ,Neeraj Shridhar,0.0393,0.721,299440,0.944,5.86E-05,7,0.0747,-4.995,1,0.142,109.014,0.728,294,-1.063561872,0.34504821,0.508052797,1.351298466,-0.169114536,0.432711587,-0.702467619,0.714589831,0.705396726,0.763215087,-0.294360553,0.458336546
292,3,Chammak Challo,0EH7sgeiFqDa3eS7ieW2zs,Akon,0.0696,0.742,227091,0.879,7.17E-06,0,0.0981,-4.274,0,0.0328,133.946,0.936,295,-0.94053664,0.497575124,-0.609512714,0.963977497,-0.170471712,-1.527589339,-0.534566438,1.026094859,-1.417641964,-0.641140831,0.716420017,1.428303674
293,3,Why This Kolaveri Di? - The Soup of Love,5AjYjRsiIPAKjRP182ocKB,Dhanush,0.543,0.816,260013,0.774,1.58E-05,5,0.394,-4.341,0,0.153,140.016,0.884,296,0.981580361,1.035050913,-0.1009709,0.338305164,-0.170243976,-0.127374392,1.588594224,0.99714779,-1.417641964,0.904679511,0.962506895,1.185811892
294,3,"Aahun Aahun (From ""Love Aaj Kal"")",1WrrcqB5cmqxJIJMcYk6fj,Neeraj Shridhar,0.154,0.536,290493,0.903,4.50E-05,1,0.064,-5.501,0,0.307,129.965,0.656,297,-0.597852493,-0.998641262,0.369849662,1.106988316,-0.169473424,-1.24754635,-0.779242945,0.495974652,-1.417641964,2.885181447,0.555024323,0.122578693
295,3,"Chogada (From ""Loveyatri"")",4ymPEyiXabTe1NO8q8EFxG,Darshan Raval,0.136,0.359,249742,0.972,2.52E-06,7,0.14,-3.452,1,0.109,62.914,0.595,298,-0.67093679,-2.284225245,-0.259625689,1.518144421,-0.170594419,0.432711587,-0.23392287,1.381236514,0.705396726,0.338821815,-2.163323503,-0.16188282
296,3,Dard - E - Disco,2GTasAZimpxzNgE7aXFifI,Sukhwinder Singh,0.0381,0.837,268713,0.839,0.000193,11,0.301,-5.548,1,0.0468,107.025,0.679,299,-1.068434159,1.187577826,0.033416859,0.725626132,-0.165567883,1.552883545,0.921294658,0.475668499,0.705396726,-0.4610952,-0.374997588,0.229834674
297,3,Asli Hip Hop,4ZIvqmpihn94QyFfGcQtdZ,Ranveer Singh,0.572,0.667,108827,0.641,0,8,0.311,-11.009,1,0.609,169.968,0.963,300,1.099327284,-0.047163852,-2.436321207,-0.454213126,-0.170660919,0.712754576,0.9930473,-1.883733664,0.705396726,6.769022907,2.176805774,1.554212869
298,3,Soni De Nakhre,4tBMbRwLJa5BjwJ6FrBlks,Wajid,0.00698,0.829,261013,0.852,0.000278,6,0.055,-5.4,1,0.0477,131.989,0.912,301,-1.194788787,1.129472335,-0.085524031,0.803090326,-0.163324837,0.152668597,-0.843820322,0.539611278,0.705396726,-0.449520838,0.63708031,1.31638439
299,3,Manali Trance,3OZr3vo7SmYpn5XqeQEAOM,Neha Kakkar,0.00814,0.614,203207,0.842,1.33E-05,6,0.212,-4.109,1,0.0745,156.051,0.915,302,-1.19007891,-0.432112728,-0.978445729,0.743502484,-0.170309948,0.152668597,0.282696149,1.097382418,0.705396726,-0.10486206,1.612589778,1.330374301
300,3,Salaam Namaste,7fuze7SkVTRISfwqErqJCn,Kunal Ganjawala,0.217,0.69,276167,0.868,0,5,0.325,-6.472,1,0.0889,96.99,0.69,303,-0.342057455,0.119889434,0.148557819,0.898430872,-0.170660919,-0.127374392,1.093500998,0.076458171,0.705396726,0.080327731,-0.781831497,0.281131012
301,3,Tareefan - Original,6fTEiqvwttauVDmDmDwD2T,Chdry Saqib,0.0899,0.829,186201,0.63,3.19E-06,5,0.167,-7.094,0,0.0778,98.043,0.345,304,-0.858113794,1.129472335,-1.24113518,-0.519759751,-0.170576739,-0.127374392,-0.040190738,-0.192274322,-1.417641964,-0.062422733,-0.739141302,-1.327708696
302,3,Sher Aaya Sher,2qPNdVlqZl1cYqsNc3MXnA,DIVINE,0.0433,0.832,134352,0.657,2.93E-05,7,0.0752,-7.755,1,0.209,104.005,0.756,305,-1.047320917,1.151261894,-2.042039881,-0.35887258,-0.169887728,0.432711587,-0.698879987,-0.477856602,0.705396726,1.624862034,-0.497432905,0.588909044
303,3,"Aankh Marey (From ""Simmba"")",790uNrqzKWCvj8rR1QXNpU,Neha Kakkar,0.289,0.796,212741,0.978,0.00254,5,0.346,-1.266,0,0.0955,129.999,0.8,306,-0.049720269,0.889787186,-0.831175282,1.553897126,-0.103633402,-0.127374392,1.244181545,2.325688653,-1.417641964,0.165206386,0.556402733,0.794094398
304,3,Badal Pe Paon Hai,2aHz87L2Z4a0ZEQ7vMlH8z,Hema Sardesai,0.0717,0.649,243931,0.788,0.00232,9,0.0936,-9.607,1,0.0373,104.999,0.869,307,-0.932010138,-0.177901206,-0.349387444,0.421728141,-0.109438935,0.992797566,-0.566855126,-1.27800544,0.705396726,-0.583269021,-0.457134658,1.115862339
305,4,Saibo,6udC4b4jOSnHb9ItnXgKLR,Shreya Ghoshal,0.736,0.619,195253,0.428,1.27E-05,2,0.136,-7.867,1,0.0281,90.056,0.542,308,1.765206431,-0.395796796,-1.101310124,-1.723434145,-0.170325782,-0.96750336,-0.262623926,-0.526245732,0.705396726,-0.701584721,-1.062946228,-0.409037906
306,4,"Soch Na Sake (From ""Airlift"")",37NCZDUsrHTH3cBC5713Yg,Arijit Singh,0.552,0.498,280948,0.622,0,9,0.182,-7.404,1,0.0329,151.954,0.52,309,1.01812251,-1.274642343,0.222409299,-0.567430024,-0.170660919,0.992797566,0.067438225,-0.326208523,0.705396726,-0.639854791,1.446491271,-0.511630583
307,4,Choomantar,3JbujPTeag5mDMAcye3vDD,Benny Dayal,0.218,0.798,260415,0.861,6.22E-06,8,0.094,-7.612,1,0.037,109.016,0.845,310,-0.337997216,0.904313559,-0.094761258,0.856719383,-0.170496781,0.712754576,-0.563985021,-0.416074051,0.705396726,-0.587127142,-0.29427947,1.003943055
